customer_id,DistinctItems,DistinctLocations,NetSpend,DistinctCity,DistinctState,customer_contact_acquisition_date,household_has_dillards_credit_card,unsubscribed_yn,total_email_sent_count,total_email_open_count,total_email_click_count,product_email_sent_count,product_email_open_count,product_email_click_count,sale_email_sent_count,sale_email_open_count,sale_email_click_count,last_email_open_date,last_email_click_date
127856778,51,6,2235.91,5,2,5/1/1980,Y,Y,2,1,1,1,0,0,1,1,1,6/27/2018,6/27/2018
226337288,11,2,714.5,2,2,6/24/2018,N,Y,2,2,0,1,1,0,1,1,0,6/30/2018,NULL
226356831,3,1,536,1,1,6/26/2018,N,Y,2,2,0,1,1,0,1,1,0,6/30/2018,NULL
185480119,10,1,445.74,1,1,1/1/2009,N,Y,2,2,2,1,1,1,1,1,1,6/30/2018,6/30/2018
201550421,9,2,373.99,2,1,3/21/2013,N,Y,3,3,3,1,1,1,1,1,1,7/1/2018,7/1/2018
153407836,1,1,49.5,1,1,11/11/2004,N,Y,4,2,0,1,0,0,1,0,0,6/28/2018,NULL
226360887,0,0,NULL,0,0,6/26/2018,N,Y,2,2,0,1,1,0,1,1,0,6/30/2018,NULL
226344526,1,1,250,1,1,6/24/2018,N,Y,3,0,0,2,0,0,1,0,0,NULL,NULL
226343864,3,1,179.99,1,1,6/23/2018,N,Y,3,2,0,2,1,0,1,1,0,6/30/2018,NULL
226348790,4,1,161.3,1,1,6/24/2018,N,Y,4,1,0,2,0,0,1,1,0,6/29/2018,NULL
121810765,0,0,NULL,0,0,6/19/1995,Y,N,3,0,0,2,0,0,1,0,0,NULL,NULL
196750259,0,0,NULL,0,0,5/17/2012,Y,Y,3,1,1,2,1,1,1,0,0,5/26/2018,5/26/2018
202716784,0,0,NULL,0,0,3/3/2013,N,Y,4,0,0,3,0,0,1,0,0,NULL,NULL
186523304,0,0,NULL,0,0,4/9/2009,Y,Y,8,5,0,6,3,0,1,1,0,6/28/2018,NULL
206394758,1,1,150,1,1,1/27/2014,N,Y,10,3,0,9,3,0,1,0,0,6/28/2018,NULL
218384816,5,1,1024.4,0,0,5/26/2016,Y,N,13,0,0,11,0,0,1,0,0,NULL,NULL
118370849,22,1,976.05,1,1,9/2/2007,Y,Y,18,2,0,14,1,0,1,0,0,6/12/2018,NULL
225411183,1,1,269.25,1,1,3/19/2018,Y,N,22,1,0,19,1,0,1,0,0,6/9/2018,NULL
190367749,4,2,229,2,2,6/10/2010,N,Y,21,3,2,19,3,2,1,0,0,6/15/2018,6/14/2018
225628246,5,2,457,2,2,4/13/2018,N,N,22,5,0,20,5,0,1,0,0,6/6/2018,NULL
226037847,6,1,392,1,1,5/21/2018,N,Y,24,1,0,21,1,0,1,0,0,6/24/2018,NULL
118783652,4,1,169.5,1,1,6/26/1997,Y,Y,25,25,1,21,21,1,1,1,0,6/27/2018,5/29/2018
214017281,6,1,92.13,1,1,7/16/2015,N,Y,25,1,0,22,1,0,1,0,0,6/14/2018,NULL
159584462,10,1,267.1,1,1,3/27/2005,N,Y,30,3,0,27,3,0,1,0,0,6/13/2018,NULL
219226990,4,1,217,1,1,8/11/2016,Y,Y,34,25,0,28,22,0,1,1,0,7/2/2018,NULL
210695210,2,2,134.7,2,2,3/23/2011,Y,Y,35,1,1,31,0,0,1,1,1,6/27/2018,6/27/2018
210247421,6,1,501.51,1,1,1/1/1979,Y,Y,48,11,4,39,11,4,1,0,0,6/28/2018,6/24/2018
200179031,24,1,356.7,1,1,3/28/2008,Y,Y,55,35,3,45,30,2,1,1,0,6/30/2018,6/22/2018
122245389,26,3,2062.38,3,3,12/20/1995,Y,Y,59,8,3,51,6,3,1,0,0,6/13/2018,6/13/2018
217737098,18,3,724.56,2,1,4/1/2016,Y,Y,64,3,0,56,1,0,1,0,0,6/25/2018,NULL
153308417,135,5,13634.9,4,3,10/7/2004,Y,Y,1,1,0,0,0,0,1,1,0,6/30/2018,NULL
165256171,24,4,2423.57,4,3,3/13/1998,N,Y,1,1,0,0,0,0,1,1,0,6/30/2018,NULL
163622193,8,1,510.38,1,1,11/9/2006,N,Y,1,1,0,0,0,0,1,1,0,6/30/2018,NULL
221074545,15,2,505.17,1,1,1/25/2017,Y,Y,1,1,0,0,0,0,1,1,0,6/30/2018,NULL
182014936,7,1,390.5,1,1,4/10/2008,N,Y,1,0,0,0,0,0,1,0,0,NULL,NULL
226361658,1,1,208,1,1,6/25/2018,Y,Y,1,1,0,0,0,0,1,1,0,6/30/2018,NULL
209591156,2,1,198,1,1,9/4/2014,N,Y,1,1,0,0,0,0,1,1,0,6/30/2018,NULL
129660669,7,2,153.98,2,1,6/8/2006,N,Y,1,0,0,0,0,0,1,0,0,NULL,NULL
180143435,2,1,143,1,1,10/1/2007,N,Y,1,1,0,0,0,0,1,1,0,6/30/2018,NULL
179687882,3,1,33.6,1,1,7/1/1998,Y,N,1,0,0,0,0,0,1,0,0,NULL,NULL
197875736,0,0,NULL,0,0,8/2/2012,N,Y,2,1,1,0,0,0,1,1,1,6/28/2018,6/28/2018
226360758,0,0,NULL,0,0,6/26/2018,N,Y,1,0,0,0,0,0,1,0,0,NULL,NULL
161123908,0,0,NULL,0,0,5/6/2005,N,Y,2,1,1,0,0,0,1,1,1,6/28/2018,6/28/2018
226344690,0,0,NULL,0,0,6/24/2018,N,Y,1,1,0,0,0,0,1,1,0,7/1/2018,NULL
221715815,0,0,NULL,0,0,4/1/2017,N,Y,1,1,0,0,0,0,1,1,0,6/30/2018,NULL
118023428,16,4,606.32,4,2,7/14/1999,N,Y,3,2,0,1,0,0,2,2,0,6/30/2018,NULL
181856108,4,1,266,1,1,3/22/2008,N,Y,3,1,0,1,0,0,2,1,0,6/28/2018,NULL
215282836,7,1,159.35,1,1,10/28/2015,N,Y,4,4,0,1,1,0,2,2,0,6/30/2018,NULL
193318689,0,0,NULL,0,0,4/28/2011,N,Y,3,2,0,1,1,0,2,1,0,6/30/2018,NULL
195472833,0,0,NULL,0,0,1/5/2012,N,Y,6,4,2,1,0,0,2,1,1,6/28/2018,6/28/2018
226352291,0,0,NULL,0,0,6/23/2018,Y,Y,3,0,0,1,0,0,2,0,0,NULL,NULL
201146200,49,2,1118.41,2,1,2/24/2013,Y,Y,4,0,0,2,0,0,2,0,0,NULL,NULL
218731599,6,1,235.97,1,1,6/30/2016,N,Y,6,6,3,2,2,1,2,2,1,6/30/2018,6/30/2018
226311670,0,0,NULL,0,0,6/21/2018,N,Y,4,1,0,2,0,0,2,1,0,6/27/2018,NULL
226317316,0,0,NULL,0,0,6/22/2018,N,Y,4,2,0,2,1,0,2,1,0,6/27/2018,NULL
215736173,0,0,NULL,0,0,11/29/2015,N,N,4,0,0,2,0,0,2,0,0,NULL,NULL
226315877,0,0,NULL,0,0,6/21/2018,N,Y,5,0,0,2,0,0,2,0,0,NULL,NULL
206396749,0,0,NULL,0,0,1/27/2014,N,Y,5,5,3,2,2,2,2,2,1,6/30/2018,6/30/2018
189131409,0,0,NULL,0,0,1/18/2010,N,Y,4,0,0,2,0,0,2,0,0,NULL,NULL
150073325,0,0,NULL,0,0,3/19/2004,N,Y,4,0,0,2,0,0,2,0,0,NULL,NULL
214984691,13,1,435.2,1,1,10/5/2015,Y,Y,5,1,0,3,0,0,2,1,0,6/26/2018,NULL
139536793,4,3,416.24,3,2,11/12/2001,Y,Y,5,5,0,3,3,0,2,2,0,6/30/2018,NULL
193342912,14,3,410.01,3,2,4/27/2011,N,Y,5,5,0,3,3,0,2,2,0,6/30/2018,NULL
226312175,5,1,389,1,1,6/21/2018,N,Y,5,3,0,3,2,0,2,1,0,6/30/2018,NULL
226314931,2,1,338,1,1,6/21/2018,N,Y,6,2,0,3,1,0,2,0,0,6/26/2018,NULL
226354343,3,1,296.99,1,1,6/23/2018,Y,Y,5,0,0,3,0,0,2,0,0,NULL,NULL
226312955,1,1,169,1,1,6/21/2018,N,Y,5,1,0,3,1,0,2,0,0,6/29/2018,NULL
226310190,6,1,135.95,1,1,6/21/2018,N,Y,5,0,0,3,0,0,2,0,0,NULL,NULL
146536863,2,1,120.57,1,1,12/1/2005,N,Y,5,1,0,3,1,0,2,0,0,6/25/2018,NULL
226310255,1,1,108,1,1,6/21/2018,N,Y,5,5,1,3,3,1,2,2,0,6/30/2018,6/29/2018
226309084,0,0,NULL,0,0,6/20/2018,N,N,5,1,0,3,0,0,2,1,0,6/28/2018,NULL
216842243,0,0,NULL,0,0,1/30/2016,N,N,5,0,0,3,0,0,2,0,0,NULL,NULL
226287215,0,0,NULL,0,0,6/17/2018,N,Y,5,0,0,3,0,0,2,0,0,NULL,NULL
121868239,31,2,1114.88,2,1,6/19/1995,N,Y,7,7,1,4,4,1,2,2,0,6/30/2018,6/24/2018
226300599,2,1,160,1,1,6/20/2018,N,Y,6,1,0,4,1,0,2,0,0,6/23/2018,NULL
117615134,4,2,140.97,2,2,6/20/2018,N,Y,7,6,1,4,3,1,2,2,0,6/30/2018,6/23/2018
217973590,3,1,116.7,1,1,4/23/2016,N,N,6,0,0,4,0,0,2,0,0,NULL,NULL
226262565,1,1,99.99,1,1,6/16/2018,N,Y,7,0,0,4,0,0,2,0,0,NULL,NULL
214038975,4,1,98.39,1,1,7/20/2015,N,Y,6,0,0,4,0,0,2,0,0,NULL,NULL
223940570,3,1,53.97,1,1,11/15/2017,N,N,6,0,0,4,0,0,2,0,0,NULL,NULL
214147336,1,1,42,1,1,7/30/2015,N,Y,7,0,0,4,0,0,2,0,0,NULL,NULL
226326834,1,1,38,1,1,6/22/2018,N,Y,6,1,0,4,1,0,2,0,0,6/29/2018,NULL
226278109,12,3,329.42,2,2,6/16/2018,N,Y,7,3,0,5,3,0,2,0,0,6/30/2018,NULL
226302276,6,1,315.35,1,1,6/19/2018,N,Y,7,7,0,5,5,0,2,2,0,6/29/2018,NULL
226308058,2,1,299,1,1,6/21/2018,N,Y,7,1,0,5,1,0,2,0,0,6/29/2018,NULL
219832888,1,1,115,1,1,10/6/2016,N,N,7,0,0,5,0,0,2,0,0,NULL,NULL
226305747,3,1,86.8,1,1,6/20/2018,N,Y,8,8,1,5,5,0,2,2,0,6/30/2018,6/26/2018
226294425,1,1,45,1,1,6/18/2018,N,Y,7,0,0,5,0,0,2,0,0,NULL,NULL
187372381,3,1,11,1,1,6/18/2009,N,Y,7,0,0,5,0,0,2,0,0,NULL,NULL
189194716,0,0,NULL,0,0,2/4/2010,N,Y,7,1,0,5,1,0,2,0,0,6/8/2018,NULL
129293093,0,0,NULL,0,0,12/6/1998,N,N,7,0,0,5,0,0,2,0,0,NULL,NULL
226239434,0,0,NULL,0,0,6/12/2018,N,Y,7,3,0,5,2,0,2,1,0,6/28/2018,NULL
178194204,17,1,563.17,1,1,6/21/2007,N,Y,10,0,0,6,0,0,2,0,0,NULL,NULL
226295841,4,1,184,1,1,6/19/2018,N,Y,8,7,1,6,5,1,2,2,0,6/30/2018,6/26/2018
180838849,2,1,170,1,1,12/20/2007,N,Y,8,7,1,6,5,0,2,2,1,6/30/2018,6/28/2018
226283967,2,1,160,1,1,6/16/2018,N,Y,9,9,9,6,6,6,2,2,2,6/29/2018,6/29/2018
218234084,3,1,79.38,1,1,5/14/2016,N,Y,8,1,0,6,1,0,2,0,0,6/10/2018,NULL
226285092,2,1,68.99,1,1,6/17/2018,N,Y,8,0,0,6,0,0,2,0,0,NULL,NULL
226237227,1,1,65,1,1,6/12/2018,N,Y,9,5,0,6,4,0,2,1,0,7/2/2018,NULL
217071197,1,1,55,1,1,2/17/2016,N,N,10,0,0,6,0,0,2,0,0,NULL,NULL
226286946,2,1,30.97,1,1,6/18/2018,N,Y,8,6,0,6,4,0,2,2,0,6/30/2018,NULL
185129918,1,1,9.5,1,1,12/5/2008,N,Y,11,1,0,6,0,0,2,0,0,6/24/2018,NULL
219602070,0,0,NULL,0,0,9/14/2016,N,N,8,8,0,6,6,0,2,2,0,6/30/2018,NULL
226228811,9,1,1909.5,1,1,6/11/2018,N,Y,10,1,0,7,0,0,2,0,0,6/23/2018,NULL
226292061,4,1,379.98,1,1,6/18/2018,N,Y,10,10,0,7,7,0,2,2,0,6/30/2018,NULL
226267785,3,1,195.65,1,1,6/15/2018,N,Y,10,4,2,7,3,1,2,1,1,6/30/2018,6/30/2018
213589869,2,1,176.95,1,1,6/10/2015,N,Y,11,1,1,7,0,0,2,0,0,6/20/2018,6/20/2018
151649776,3,1,119,1,1,11/10/2005,N,Y,11,5,2,7,3,1,2,0,0,6/25/2018,6/24/2018
226266399,1,1,24.49,1,1,6/16/2018,N,Y,9,9,0,7,7,0,2,2,0,7/1/2018,NULL
220362069,0,0,NULL,0,0,11/26/2016,N,Y,9,9,0,7,7,0,2,2,0,6/30/2018,NULL
122577131,0,0,NULL,0,0,7/27/2001,N,Y,9,3,0,7,3,0,2,0,0,6/25/2018,NULL
215902616,0,0,NULL,0,0,12/10/2015,N,Y,9,1,0,7,1,0,2,0,0,6/13/2018,NULL
226303235,9,2,532.46,2,2,6/19/2018,N,Y,10,10,0,8,8,0,2,2,0,7/2/2018,NULL
226285077,2,1,217,1,1,6/17/2018,N,Y,10,10,1,8,8,1,2,2,0,7/1/2018,7/1/2018
226223572,3,1,187.6,1,1,6/10/2018,N,Y,10,2,1,8,1,0,2,1,1,6/28/2018,6/28/2018
226105090,5,1,147.6,1,1,5/28/2018,N,Y,10,7,1,8,5,1,2,2,0,6/29/2018,6/24/2018
226249574,2,1,108,1,1,6/15/2018,N,N,10,2,0,8,1,0,2,1,0,6/28/2018,NULL
226262681,1,1,89.6,1,1,6/15/2018,N,Y,10,4,0,8,4,0,2,0,0,7/1/2018,NULL
222823407,2,1,65.59,1,1,7/27/2017,N,Y,10,0,0,8,0,0,2,0,0,NULL,NULL
222791593,2,1,59.98,1,1,7/23/2017,N,N,10,0,0,8,0,0,2,0,0,NULL,NULL
226231976,1,1,34,1,1,6/12/2018,N,Y,11,0,0,8,0,0,2,0,0,NULL,NULL
226255456,1,1,19.99,1,1,6/15/2018,N,N,10,1,0,8,1,0,2,0,0,6/26/2018,NULL
162034533,0,0,NULL,0,0,9/24/2006,N,Y,11,0,0,8,0,0,2,0,0,NULL,NULL
116695291,5,2,264.75,2,2,11/12/2001,N,Y,13,10,1,9,6,1,2,2,0,6/30/2018,6/29/2018
148837653,4,2,210.65,2,2,7/31/2003,N,Y,13,2,1,9,1,0,2,1,1,6/28/2018,6/28/2018
226281709,9,2,186.72,2,2,6/16/2018,N,Y,11,2,0,9,2,0,2,0,0,6/21/2018,NULL
219432392,2,1,131.5,1,1,8/28/2016,N,Y,11,11,1,9,9,1,2,2,0,7/2/2018,6/18/2018
215636556,1,1,32,1,1,11/25/2015,N,Y,12,12,1,9,9,1,2,2,0,6/30/2018,6/23/2018
226184088,1,1,14.7,1,1,6/7/2018,N,Y,11,1,0,9,1,0,2,0,0,6/14/2018,NULL
137755386,49,3,3507.66,3,2,5/31/2001,N,Y,14,14,0,10,10,0,2,2,0,6/30/2018,NULL
214924140,9,1,538.32,1,1,10/1/2015,N,Y,13,6,1,10,4,0,2,1,1,6/29/2018,6/28/2018
225320815,6,3,372.56,3,2,3/11/2018,N,Y,14,0,0,10,0,0,2,0,0,NULL,NULL
226263274,2,1,259.99,1,1,6/15/2018,N,Y,12,6,0,10,5,0,2,1,0,7/1/2018,NULL
226239061,2,1,113.5,1,1,6/12/2018,N,Y,12,0,0,10,0,0,2,0,0,NULL,NULL
192698509,6,1,91.18,1,1,2/24/2011,N,Y,12,8,0,10,7,0,2,1,0,6/28/2018,NULL
226230762,1,1,40,1,1,6/11/2018,N,Y,12,0,0,10,0,0,2,0,0,NULL,NULL
226238586,1,1,27.82,1,1,6/12/2018,N,N,13,0,0,10,0,0,2,0,0,NULL,NULL
226233633,1,1,10,1,1,6/12/2018,N,Y,13,0,0,10,0,0,2,0,0,NULL,NULL
224974824,0,0,NULL,0,0,2/4/2018,N,Y,12,0,0,10,0,0,2,0,0,NULL,NULL
226153672,0,0,NULL,0,0,6/2/2018,N,Y,13,0,0,10,0,0,2,0,0,NULL,NULL
224989782,0,0,NULL,0,0,2/6/2018,N,N,12,0,0,10,0,0,2,0,0,NULL,NULL
224822961,0,0,NULL,0,0,1/19/2018,N,Y,12,0,0,10,0,0,2,0,0,NULL,NULL
224927876,0,0,NULL,0,0,1/30/2018,N,Y,12,0,0,10,0,0,2,0,0,NULL,NULL
195646040,5,1,2200,1,1,2/2/2012,N,Y,13,6,0,11,5,0,2,1,0,6/30/2018,NULL
226215561,17,1,743.31,1,1,6/10/2018,N,Y,13,2,0,11,1,0,2,1,0,6/28/2018,NULL
226235806,7,1,347.29,1,1,6/12/2018,N,Y,13,0,0,11,0,0,2,0,0,NULL,NULL
126943281,4,3,265.99,3,2,11/22/2004,N,Y,15,3,0,11,1,0,2,0,0,6/29/2018,NULL
225070805,1,1,149.99,1,1,2/15/2018,N,Y,13,0,0,11,0,0,2,0,0,NULL,NULL
208091278,3,2,116.33,2,2,5/20/2014,N,Y,13,2,2,11,1,1,2,1,1,6/30/2018,6/30/2018
139606370,2,1,43,1,1,11/12/2001,N,Y,16,2,0,11,1,0,2,0,0,6/10/2018,NULL
225099028,0,0,NULL,0,0,2/17/2018,N,N,13,0,0,11,0,0,2,0,0,NULL,NULL
179929466,0,0,NULL,0,0,10/18/2007,N,Y,13,11,0,11,9,0,2,2,0,6/30/2018,NULL
225139222,0,0,NULL,0,0,2/22/2018,N,Y,13,0,0,11,0,0,2,0,0,NULL,NULL
225104750,0,0,NULL,0,0,2/18/2018,N,Y,16,13,1,11,10,0,2,0,0,6/21/2018,6/4/2018
226243666,15,1,902.5,1,1,6/13/2018,N,Y,15,6,1,12,5,1,2,0,0,6/25/2018,6/23/2018
212553932,12,2,806.39,2,2,3/19/2015,N,Y,16,15,9,12,11,6,2,2,2,6/30/2018,6/29/2018
226228113,4,2,288.9,2,2,6/11/2018,N,Y,15,1,0,12,1,0,2,0,0,6/18/2018,NULL
225522643,3,1,173,1,1,3/31/2018,N,N,15,0,0,12,0,0,2,0,0,NULL,NULL
224181741,2,1,53.8,1,1,12/4/2017,N,N,14,0,0,12,0,0,2,0,0,NULL,NULL
226219047,4,1,46.8,1,1,6/9/2018,N,Y,14,0,0,12,0,0,2,0,0,NULL,NULL
226172314,1,1,35.4,1,1,6/5/2018,N,Y,15,9,0,12,7,0,2,2,0,6/30/2018,NULL
225096810,2,1,29.98,1,1,2/17/2018,N,N,14,0,0,12,0,0,2,0,0,NULL,NULL
224886543,1,1,4,1,1,1/26/2018,N,Y,14,0,0,12,0,0,2,0,0,NULL,NULL
202266161,0,0,NULL,0,0,5/3/2013,N,Y,16,2,1,12,2,1,2,0,0,6/1/2018,6/1/2018
215550024,0,0,NULL,0,0,11/19/2015,N,Y,17,4,1,12,2,0,2,1,0,7/1/2018,6/2/2018
226126234,0,0,NULL,0,0,6/1/2018,N,N,14,0,0,12,0,0,2,0,0,NULL,NULL
181022042,2,1,40.34,0,0,1/3/2008,N,Y,16,3,0,13,2,0,2,1,0,7/3/2018,NULL
125603170,1,1,19.99,1,1,11/18/1998,N,Y,16,11,0,13,8,0,2,2,0,6/30/2018,NULL
186655897,0,0,NULL,0,0,4/23/2009,N,Y,15,1,0,13,1,0,2,0,0,6/15/2018,NULL
213495704,0,0,NULL,0,0,5/30/2015,N,Y,20,0,0,13,0,0,2,0,0,NULL,NULL
226092139,0,0,NULL,0,0,5/27/2018,N,Y,15,4,3,13,3,2,2,1,1,6/28/2018,6/27/2018
129549255,16,1,633.8,1,1,12/15/1998,N,Y,16,0,0,14,0,0,2,0,0,NULL,NULL
226212946,2,1,148,1,1,6/9/2018,N,Y,17,2,0,14,2,0,2,0,0,6/25/2018,NULL
225144353,1,1,139,1,1,2/23/2018,N,N,16,1,0,14,1,0,2,0,0,6/15/2018,NULL
225002627,1,1,79,1,1,2/8/2018,N,Y,16,0,0,14,0,0,2,0,0,NULL,NULL
226185720,1,1,49.5,1,1,6/7/2018,N,Y,16,3,0,14,1,0,2,2,0,6/30/2018,NULL
135211639,1,1,40,1,1,5/9/2013,N,N,22,0,0,14,0,0,2,0,0,NULL,NULL
194698315,1,1,21,1,1,10/13/2011,N,Y,20,1,0,14,0,0,2,0,0,5/20/2018,NULL
225396974,0,0,NULL,0,0,3/18/2018,N,N,17,0,0,14,0,0,2,0,0,NULL,NULL
150125464,15,4,954.28,4,2,3/9/2004,N,Y,22,20,3,15,14,2,2,2,0,6/30/2018,6/25/2018
218034080,6,1,395.97,1,1,4/29/2016,N,Y,17,0,0,15,0,0,2,0,0,NULL,NULL
129954822,4,1,256.5,1,1,1/31/2008,N,Y,17,1,0,15,1,0,2,0,0,5/30/2018,NULL
224888437,2,1,250,1,1,1/26/2018,N,N,18,0,0,15,0,0,2,0,0,NULL,NULL
221475031,1,1,228,1,1,3/8/2017,N,Y,17,5,0,15,5,0,2,0,0,6/15/2018,NULL
226181129,2,1,149,1,1,6/6/2018,N,Y,17,3,1,15,3,1,2,0,0,6/26/2018,6/9/2018
223977989,2,1,144,1,1,11/18/2017,N,Y,18,0,0,15,0,0,2,0,0,NULL,NULL
223663269,1,1,109,1,1,10/15/2017,N,N,18,0,0,15,0,0,2,0,0,NULL,NULL
121796659,2,1,80,1,1,9/10/1999,N,Y,18,8,0,15,6,0,2,2,0,6/30/2018,NULL
215046411,1,1,75,1,1,10/10/2015,N,N,18,1,0,15,1,0,2,0,0,6/11/2018,NULL
220375518,5,2,71.54,2,2,11/28/2016,N,Y,20,1,0,15,1,0,2,0,0,6/24/2018,NULL
195640302,8,1,51.92,1,1,2/2/2012,N,N,22,19,0,15,15,0,2,2,0,6/29/2018,NULL
226114763,1,1,31.15,1,1,5/30/2018,N,Y,17,10,1,15,10,1,2,0,0,6/20/2018,6/5/2018
225256721,0,0,NULL,0,0,3/4/2018,N,N,17,0,0,15,0,0,2,0,0,NULL,NULL
223492282,16,1,680.48,1,1,9/28/2017,N,Y,18,0,0,16,0,0,2,0,0,NULL,NULL
223246149,2,1,337.5,1,1,9/4/2017,N,Y,20,0,0,16,0,0,2,0,0,NULL,NULL
201367178,4,1,297,1,1,3/13/2013,N,Y,20,20,0,16,16,0,2,2,0,6/30/2018,NULL
223792127,3,1,200,1,1,10/30/2017,N,N,19,3,1,16,2,1,2,1,0,6/28/2018,6/5/2018
213963005,1,1,125,1,1,7/14/2015,N,N,18,15,0,16,13,0,2,2,0,7/3/2018,NULL
225819615,1,1,98,1,1,4/30/2018,N,Y,19,2,1,16,1,0,2,0,0,5/30/2018,5/30/2018
226167978,1,1,60,1,1,6/5/2018,N,N,18,0,0,16,0,0,2,0,0,NULL,NULL
226176287,3,1,56,1,1,6/6/2018,N,Y,20,11,2,16,10,1,2,0,0,6/29/2018,6/24/2018
226108118,1,1,48,1,1,5/29/2018,N,N,19,3,0,16,2,0,2,0,0,6/6/2018,NULL
214485711,2,1,47,1,1,8/22/2015,N,Y,18,1,0,16,1,0,2,0,0,6/29/2018,NULL
225322499,0,0,NULL,0,0,3/10/2018,N,Y,18,1,0,16,1,0,2,0,0,5/22/2018,NULL
139717932,5,1,614.75,1,1,10/30/2001,N,Y,20,3,0,17,3,0,2,0,0,6/16/2018,NULL
224210790,2,1,262,1,1,12/8/2017,N,Y,19,0,0,17,0,0,2,0,0,NULL,NULL
209315502,2,2,249.5,2,2,8/15/2014,N,Y,20,4,0,17,4,0,2,0,0,6/28/2018,NULL
226158261,1,1,169,1,1,6/3/2018,N,Y,19,11,0,17,9,0,2,2,0,6/30/2018,NULL
213761254,4,2,85.15,1,1,6/25/2015,N,Y,20,0,0,17,0,0,2,0,0,NULL,NULL
117795516,1,1,79.99,1,1,9/3/1996,N,Y,19,18,1,17,16,1,2,2,0,7/1/2018,6/22/2018
215137134,2,1,78,1,1,10/17/2015,N,Y,19,5,0,17,4,0,2,1,0,6/29/2018,NULL
217214996,1,1,75,1,1,2/27/2016,N,N,19,19,0,17,17,0,2,2,0,6/30/2018,NULL
225119984,1,1,62,1,1,2/19/2018,N,N,19,0,0,17,0,0,2,0,0,NULL,NULL
186517693,1,1,59,1,1,4/2/2009,N,Y,21,2,0,17,2,0,2,0,0,6/28/2018,NULL
223713932,2,1,42,1,1,10/21/2017,N,N,19,0,0,17,0,0,2,0,0,NULL,NULL
224709206,2,1,39,1,1,1/5/2018,N,Y,19,2,0,17,2,0,2,0,0,7/1/2018,NULL
211293677,1,1,29.7,1,1,12/18/2014,N,Y,24,7,0,17,7,0,2,0,0,6/23/2018,NULL
223739453,1,1,23.4,1,1,10/26/2017,N,N,19,6,0,17,5,0,2,1,0,6/28/2018,NULL
222402204,0,0,NULL,0,0,6/13/2017,N,Y,19,2,2,17,2,2,2,0,0,6/16/2018,6/16/2018
222400390,0,0,NULL,0,0,6/14/2017,N,Y,19,1,0,17,1,0,2,0,0,5/29/2018,NULL
223714803,31,1,776.93,1,1,10/22/2017,N,N,20,2,1,18,2,1,2,0,0,6/3/2018,5/21/2018
226186018,6,1,564.99,1,1,6/7/2018,N,Y,21,6,0,18,4,0,2,1,0,6/30/2018,NULL
207990096,9,2,481.33,2,1,5/13/2014,N,N,24,0,0,18,0,0,2,0,0,NULL,NULL
218888071,3,1,404.75,1,1,7/14/2016,N,Y,20,3,1,18,1,0,2,2,1,6/30/2018,6/28/2018
224982367,1,1,398,1,1,2/5/2018,N,N,20,1,0,18,0,0,2,1,0,6/28/2018,NULL
224993877,1,1,250,1,1,2/7/2018,N,Y,20,0,0,18,0,0,2,0,0,NULL,NULL
226168242,2,1,199,1,1,6/6/2018,N,Y,20,1,1,18,1,1,2,0,0,6/9/2018,6/9/2018
141764976,2,1,150,1,1,11/12/2001,N,Y,21,13,0,18,11,0,2,2,0,7/1/2018,NULL
224245155,2,1,115,1,1,12/9/2017,N,Y,20,0,0,18,0,0,2,0,0,NULL,NULL
225228768,1,1,89,1,1,3/3/2018,N,Y,20,5,1,18,4,1,2,1,0,6/28/2018,6/5/2018
125986485,2,1,84.82,1,1,11/23/1997,N,N,21,0,0,18,0,0,2,0,0,NULL,NULL
208182213,1,1,83.4,1,1,5/27/2014,N,Y,20,5,0,18,4,0,2,1,0,7/4/2018,NULL
211807717,4,2,68.55,1,1,1/18/2015,N,Y,24,2,0,18,2,0,2,0,0,6/23/2018,NULL
223402877,2,1,67.2,1,1,9/20/2017,N,Y,20,1,0,18,1,0,2,0,0,5/28/2018,NULL
219572333,5,1,62.04,1,1,9/8/2016,N,Y,25,3,2,18,0,0,2,2,2,6/30/2018,6/30/2018
223566911,2,2,51.89,1,1,10/6/2017,N,N,20,0,0,18,0,0,2,0,0,NULL,NULL
225008889,1,1,44.75,1,1,2/9/2018,N,Y,20,0,0,18,0,0,2,0,0,NULL,NULL
216942681,1,1,42,1,1,2/7/2016,N,Y,22,18,0,18,14,0,2,2,0,7/4/2018,NULL
156131300,1,1,22.75,1,1,1/27/2005,N,Y,25,2,0,18,1,0,2,0,0,6/10/2018,NULL
211522080,31,2,6922.24,2,2,12/29/2014,N,Y,22,1,0,19,1,0,2,0,0,6/9/2018,NULL
206334943,17,1,715.5,1,1,1/23/2014,N,N,21,1,0,19,1,0,2,0,0,5/28/2018,NULL
223076053,8,1,362.57,1,1,8/18/2017,N,Y,22,2,2,19,1,1,2,1,1,6/29/2018,6/29/2018
225051961,5,1,290.82,1,1,2/13/2018,N,Y,21,0,0,19,0,0,2,0,0,NULL,NULL
223693523,1,1,229,1,1,10/20/2017,N,Y,21,1,0,19,1,0,2,0,0,6/13/2018,NULL
214043263,1,2,165,2,2,7/21/2015,N,Y,26,3,0,19,3,0,2,0,0,6/29/2018,NULL
209619528,2,1,149,1,1,9/6/2014,N,Y,22,12,2,19,9,2,2,2,0,7/1/2018,6/21/2018
223437355,3,1,148.5,1,1,9/22/2017,N,Y,21,0,0,19,0,0,2,0,0,NULL,NULL
225098969,7,2,140,2,1,2/17/2018,N,Y,21,0,0,19,0,0,2,0,0,NULL,NULL
224505308,1,1,130,1,1,12/22/2017,N,Y,21,0,0,19,0,0,2,0,0,NULL,NULL
218412091,2,1,84.5,1,1,5/30/2016,N,Y,22,0,0,19,0,0,2,0,0,NULL,NULL
119524889,1,1,79,1,1,4/5/1999,N,Y,26,8,0,19,4,0,2,0,0,6/25/2018,NULL
225092438,3,1,72.95,1,1,2/17/2018,N,Y,21,0,0,19,0,0,2,0,0,NULL,NULL
211311099,3,1,66.6,1,1,12/19/2014,N,Y,21,0,0,19,0,0,2,0,0,NULL,NULL
205294849,1,1,60,1,1,11/29/2013,N,Y,21,4,0,19,4,0,2,0,0,6/25/2018,NULL
224822704,1,1,49.99,1,1,1/20/2018,N,N,21,0,0,19,0,0,2,0,0,NULL,NULL
225701737,4,1,35.64,1,1,4/19/2018,N,Y,21,0,0,19,0,0,2,0,0,NULL,NULL
225161462,1,1,1.99,1,1,2/24/2018,N,N,21,0,0,19,0,0,2,0,0,NULL,NULL
226031632,0,0,NULL,0,0,5/21/2018,N,Y,22,0,0,19,0,0,2,0,0,NULL,NULL
214553917,0,0,NULL,0,0,8/27/2015,N,Y,23,7,0,19,6,0,2,0,0,6/14/2018,NULL
222022775,13,3,2226.54,3,2,5/4/2017,N,Y,26,0,0,20,0,0,2,0,0,NULL,NULL
223709081,2,1,519,1,1,10/21/2017,N,Y,22,3,0,20,2,0,2,1,0,6/30/2018,NULL
226055826,3,1,377,1,1,5/24/2018,N,Y,23,2,2,20,2,2,2,0,0,6/13/2018,6/13/2018
203184915,10,1,287.05,1,1,6/21/2013,N,Y,26,0,0,20,0,0,2,0,0,NULL,NULL
213227485,3,1,269,1,1,5/8/2015,N,Y,26,17,0,20,13,0,2,1,0,6/28/2018,NULL
225168731,3,1,155,1,1,2/25/2018,N,N,22,0,0,20,0,0,2,0,0,NULL,NULL
225643035,4,1,136,1,1,4/13/2018,N,Y,23,4,0,20,4,0,2,0,0,6/27/2018,NULL
225047574,1,1,129,1,1,2/12/2018,N,Y,22,0,0,20,0,0,2,0,0,NULL,NULL
223954687,5,1,119.39,1,1,11/17/2017,N,Y,22,1,0,20,1,0,2,0,0,6/3/2018,NULL
225480491,2,1,96.64,1,1,3/27/2018,N,Y,22,2,0,20,2,0,2,0,0,6/11/2018,NULL
225139854,2,1,94,1,1,2/22/2018,N,Y,23,8,0,20,6,0,2,2,0,6/30/2018,NULL
218235794,1,1,79.99,1,1,5/15/2016,N,N,25,0,0,20,0,0,2,0,0,NULL,NULL
224465507,1,1,53.7,1,1,12/21/2017,N,Y,22,9,0,20,9,0,2,0,0,6/22/2018,NULL
165183122,1,1,42,1,1,4/13/2007,N,Y,27,0,0,20,0,0,2,0,0,NULL,NULL
225975839,1,1,39.99,1,1,5/15/2018,N,Y,23,0,0,20,0,0,2,0,0,NULL,NULL
127211249,1,1,34.5,1,1,8/3/1998,N,Y,26,6,0,20,4,0,2,0,0,6/27/2018,NULL
221389866,1,1,24.15,1,1,2/27/2017,N,N,22,1,0,20,1,0,2,0,0,6/4/2018,NULL
226172554,1,1,23.8,1,1,6/5/2018,N,Y,23,8,2,20,7,2,2,1,0,6/30/2018,6/20/2018
215174029,0,0,NULL,0,0,10/22/2015,N,Y,22,0,0,20,0,0,2,0,0,NULL,NULL
201266521,0,0,NULL,0,0,3/8/2013,N,Y,27,22,10,20,18,6,2,1,1,6/28/2018,6/28/2018
205582209,0,0,NULL,0,0,12/12/2013,N,Y,24,7,0,20,7,0,2,0,0,6/22/2018,NULL
225946565,0,0,NULL,0,0,5/12/2018,N,Y,24,2,1,20,2,1,2,0,0,6/17/2018,5/26/2018
184817120,8,1,541,1,1,11/13/2008,N,Y,28,14,0,21,11,0,2,2,0,7/3/2018,NULL
120953957,2,1,345,1,1,9/22/1994,N,Y,24,0,0,21,0,0,2,0,0,NULL,NULL
225143532,3,1,323,1,1,2/24/2018,N,Y,23,15,0,21,13,0,2,2,0,7/1/2018,NULL
226194556,4,2,220.49,1,1,6/8/2018,N,Y,23,22,0,21,20,0,2,2,0,6/30/2018,NULL
161961039,5,1,148.84,1,1,6/16/2005,N,Y,25,12,2,21,10,1,2,1,1,6/28/2018,6/28/2018
216010090,5,2,144,2,2,12/15/2015,N,Y,23,2,0,21,1,0,2,1,0,6/28/2018,NULL
223818098,2,1,126,1,1,11/3/2017,N,Y,23,9,0,21,8,0,2,1,0,6/29/2018,NULL
143544441,4,1,109,1,1,10/23/2001,N,Y,28,7,0,21,6,0,2,0,0,6/17/2018,NULL
194063193,1,1,39,1,1,8/4/2011,N,Y,27,25,1,21,19,0,2,2,1,6/30/2018,6/28/2018
225324284,1,1,38.75,1,1,3/10/2018,N,N,24,1,0,21,0,0,2,1,0,6/30/2018,NULL
225615905,0,0,NULL,0,0,4/11/2018,N,Y,23,8,0,21,6,0,2,2,0,6/30/2018,NULL
225619123,0,0,NULL,0,0,4/11/2018,N,Y,23,5,0,21,4,0,2,1,0,6/28/2018,NULL
225685542,0,0,NULL,0,0,4/17/2018,N,Y,24,24,0,21,21,0,2,2,0,6/30/2018,NULL
223997783,0,0,NULL,0,0,11/21/2017,N,Y,23,1,0,21,0,0,2,1,0,6/28/2018,NULL
223057646,8,1,1777.5,1,1,8/17/2017,N,Y,26,0,0,22,0,0,2,0,0,NULL,NULL
226123600,10,1,608.97,1,1,5/31/2018,N,Y,25,0,0,22,0,0,2,0,0,NULL,NULL
225737864,4,3,513.86,3,2,4/22/2018,N,Y,27,1,0,22,0,0,2,1,0,6/28/2018,NULL
186527818,7,2,312.9,2,2,12/20/2008,N,N,29,0,0,22,0,0,2,0,0,NULL,NULL
222071234,3,1,227.5,1,1,5/7/2017,N,Y,26,1,0,22,0,0,2,0,0,6/5/2018,NULL
226111957,6,1,170,1,1,5/29/2018,N,Y,25,0,0,22,0,0,2,0,0,NULL,NULL
213795573,2,1,140,1,1,6/25/2015,N,Y,28,1,0,22,1,0,2,0,0,5/30/2018,NULL
221295970,5,1,128,1,1,2/19/2017,N,Y,24,3,0,22,3,0,2,0,0,6/16/2018,NULL
225774383,1,1,126,1,1,4/27/2018,N,Y,25,0,0,22,0,0,2,0,0,NULL,NULL
225395032,1,1,109,1,1,3/18/2018,N,N,25,0,0,22,0,0,2,0,0,NULL,NULL
221419435,3,1,95.5,1,1,3/2/2017,N,Y,29,0,0,22,0,0,2,0,0,NULL,NULL
181263523,10,1,93.87,1,1,1/26/2008,N,Y,29,17,1,22,14,1,2,2,0,6/30/2018,5/20/2018
210896042,1,1,62,1,1,11/22/2014,N,Y,24,3,0,22,3,0,2,0,0,6/29/2018,NULL
225738021,1,1,42,1,1,4/21/2018,N,Y,24,1,1,22,1,1,2,0,0,6/25/2018,6/25/2018
225172762,1,1,29,1,1,2/25/2018,N,Y,24,0,0,22,0,0,2,0,0,NULL,NULL
201091522,0,0,NULL,0,0,2/28/2013,N,Y,25,2,1,22,2,1,2,0,0,6/20/2018,6/20/2018
225895963,0,0,NULL,0,0,5/8/2018,N,N,25,3,2,22,2,1,2,0,0,6/7/2018,5/25/2018
226141559,7,1,418.32,1,1,6/1/2018,N,Y,25,15,1,23,14,1,2,1,0,6/29/2018,6/12/2018
226016500,3,1,129,1,1,5/20/2018,N,Y,27,0,0,23,0,0,2,0,0,NULL,NULL
225766679,2,1,111.62,1,1,4/25/2018,N,Y,26,1,0,23,1,0,2,0,0,6/8/2018,NULL
220978669,1,1,88,1,1,1/14/2017,Y,Y,26,21,1,23,20,1,2,1,0,6/29/2018,6/5/2018
225954290,3,1,80,1,1,5/13/2018,N,N,26,0,0,23,0,0,2,0,0,NULL,NULL
226149021,1,1,78,1,1,6/2/2018,N,Y,25,2,0,23,2,0,2,0,0,6/18/2018,NULL
225872028,2,1,64.6,1,1,5/5/2018,N,N,26,1,0,23,1,0,2,0,0,5/20/2018,NULL
225324215,1,1,59,1,1,3/10/2018,N,Y,25,25,0,23,23,0,2,2,0,6/30/2018,NULL
225400544,2,1,24.15,1,1,3/19/2018,N,Y,25,1,0,23,1,0,2,0,0,6/30/2018,NULL
226022611,2,1,17.69,1,1,5/19/2018,N,Y,26,0,0,23,0,0,2,0,0,NULL,NULL
157667968,1,1,558,1,1,3/3/2005,N,Y,28,9,1,24,6,0,2,1,1,6/30/2018,6/29/2018
212221059,17,1,415.12,1,1,2/19/2015,N,Y,33,16,15,24,9,9,2,2,2,6/30/2018,6/30/2018
223268209,8,2,380,2,1,9/7/2017,N,Y,26,0,0,24,0,0,2,0,0,NULL,NULL
221681260,3,1,301.5,1,1,3/29/2017,N,N,32,1,0,24,1,0,2,0,0,6/1/2018,NULL
152619221,1,1,245,1,1,5/26/2005,N,Y,26,0,0,24,0,0,2,0,0,NULL,NULL
222971677,10,2,244.09,1,1,8/9/2017,N,Y,26,20,0,24,19,0,2,1,0,6/30/2018,NULL
224551425,6,1,232.4,1,1,12/27/2017,N,Y,29,3,2,24,3,2,2,0,0,6/9/2018,6/8/2018
124478870,1,1,154.8,1,1,9/21/1998,N,Y,30,23,1,24,17,0,2,2,1,6/30/2018,6/28/2018
222937242,2,1,144.75,1,1,8/5/2017,N,Y,26,9,0,24,8,0,2,1,0,7/1/2018,NULL
225959300,4,1,127.92,1,1,5/13/2018,N,Y,27,22,3,24,20,2,2,1,1,6/28/2018,6/28/2018
222829106,2,1,109.15,1,1,7/27/2017,N,Y,27,0,0,24,0,0,2,0,0,NULL,NULL
225994470,1,1,102,1,1,5/19/2018,N,Y,28,2,0,24,2,0,2,0,0,5/30/2018,NULL
225888861,1,1,95,1,1,5/7/2018,N,Y,27,3,0,24,1,0,2,2,0,7/3/2018,NULL
224386728,4,2,88.55,2,2,12/16/2017,N,N,26,1,0,24,1,0,2,0,0,6/1/2018,NULL
225740278,1,1,69,1,1,4/22/2018,N,N,28,6,0,24,5,0,2,1,0,6/28/2018,NULL
209912703,1,1,52,1,1,9/26/2014,N,Y,32,7,0,24,7,0,2,0,0,6/25/2018,NULL
225705271,1,1,42,1,1,4/19/2018,N,Y,28,18,2,24,16,2,2,1,0,7/5/2018,6/24/2018
225892077,1,1,19,1,1,5/8/2018,N,Y,28,0,0,24,0,0,2,0,0,NULL,NULL
207745865,25,3,1684.58,2,2,4/26/2014,N,Y,31,5,0,25,4,0,2,1,0,6/30/2018,NULL
130863434,17,2,1201.8,2,2,8/2/1999,N,Y,28,3,0,25,2,0,2,0,0,6/20/2018,NULL
187114000,5,1,727.99,1,1,5/21/2009,N,Y,33,33,8,25,25,7,2,2,1,7/1/2018,6/27/2018
148298459,20,2,581.77,2,2,3/19/2003,N,Y,31,2,0,25,1,0,2,1,0,6/28/2018,NULL
203376118,14,2,542.18,2,1,7/9/2013,N,Y,31,19,1,25,16,0,2,0,0,6/26/2018,6/26/2018
226023589,6,1,334.8,1,1,5/20/2018,N,Y,29,7,0,25,6,0,2,1,0,6/28/2018,NULL
226024198,4,1,323.97,1,1,5/20/2018,N,Y,29,2,0,25,0,0,2,1,0,6/30/2018,NULL
179242173,2,2,307.6,2,2,9/1/2007,N,Y,28,1,0,25,1,0,2,0,0,5/31/2018,NULL
223890192,7,1,298.67,1,1,11/10/2017,N,N,27,2,0,25,2,0,2,0,0,6/16/2018,NULL
225885264,8,3,240.8,3,3,5/8/2018,N,Y,28,18,2,25,15,2,2,2,0,6/29/2018,6/6/2018
224747120,3,1,235,1,1,1/9/2018,N,Y,27,2,2,25,2,2,2,0,0,6/21/2018,6/21/2018
225959350,4,1,230,1,1,5/13/2018,N,Y,29,3,0,25,2,0,2,0,0,6/2/2018,NULL
223377291,2,1,217,1,1,9/16/2017,N,Y,29,4,0,25,4,0,2,0,0,6/30/2018,NULL
211665836,2,1,193.74,1,1,1/4/2015,N,Y,27,1,0,25,1,0,2,0,0,6/26/2018,NULL
225951190,6,1,182.54,1,1,5/12/2018,N,Y,29,0,0,25,0,0,2,0,0,NULL,NULL
225979812,2,1,175,1,1,5/17/2018,N,Y,28,0,0,25,0,0,2,0,0,NULL,NULL
225977319,2,1,159.98,1,1,5/17/2018,N,Y,30,2,1,25,1,0,2,1,1,7/2/2018,7/2/2018
225365223,1,1,159,1,1,3/15/2018,N,N,27,27,0,25,25,0,2,2,0,6/30/2018,NULL
211568818,1,1,139,1,1,1/1/2015,N,Y,28,3,0,25,2,0,2,1,0,6/30/2018,NULL
223211935,7,2,132.58,2,1,9/1/2017,N,Y,27,0,0,25,0,0,2,0,0,NULL,NULL
127377790,3,1,88.5,1,1,9/3/1998,N,Y,34,14,0,25,9,0,2,1,0,7/1/2018,NULL
223176495,1,1,13.65,1,1,8/29/2017,N,Y,27,0,0,25,0,0,2,0,0,NULL,NULL
200368149,9,2,1878.9,2,2,1/10/2013,N,Y,31,5,2,26,3,2,2,1,0,7/1/2018,6/29/2018
202057412,19,2,1433.08,2,2,4/15/2013,N,Y,31,10,2,26,7,2,2,1,0,6/30/2018,6/19/2018
185887743,14,1,559.55,1,1,2/5/2009,N,Y,32,0,0,26,0,0,2,0,0,NULL,NULL
118495492,13,4,550.75,4,1,8/24/1999,N,Y,32,2,0,26,2,0,2,0,0,6/18/2018,NULL
213351647,1,1,349,1,1,5/17/2015,N,Y,30,3,0,26,3,0,2,0,0,5/29/2018,NULL
182069862,2,1,298,1,1,4/10/2008,N,Y,31,18,4,26,15,4,2,1,0,6/29/2018,6/29/2018
224483595,6,2,283.49,2,2,12/22/2017,N,Y,28,1,0,26,1,0,2,0,0,6/9/2018,NULL
209925578,8,2,256.15,2,1,9/26/2014,N,N,29,6,2,26,4,2,2,1,0,6/28/2018,6/23/2018
129965047,3,1,188.49,1,1,8/24/1999,N,Y,33,4,0,26,4,0,2,0,0,6/25/2018,NULL
225989363,3,1,179,1,1,5/17/2018,N,Y,29,1,1,26,1,1,2,0,0,6/5/2018,6/5/2018
224173797,5,3,142.4,3,2,12/3/2017,N,Y,33,0,0,26,0,0,2,0,0,NULL,NULL
226015852,2,1,124.9,1,1,5/19/2018,N,Y,29,12,0,26,10,0,2,2,0,7/2/2018,NULL
225818255,1,1,86.7,1,1,4/30/2018,N,N,29,0,0,26,0,0,2,0,0,NULL,NULL
223410474,8,1,85.98,1,1,9/21/2017,N,Y,28,0,0,26,0,0,2,0,0,NULL,NULL
190951670,2,2,85.8,2,1,8/19/2010,N,Y,32,23,2,26,18,1,2,2,1,6/30/2018,6/28/2018
225255457,2,1,78.75,1,1,3/4/2018,N,Y,34,1,0,26,0,0,2,0,0,6/24/2018,NULL
224808659,1,1,64.99,1,1,1/16/2018,N,Y,30,0,0,26,0,0,2,0,0,NULL,NULL
136198749,2,2,62.49,2,2,1/30/2005,N,Y,34,5,1,26,4,1,2,0,0,6/22/2018,6/4/2018
197490180,1,1,56.99,1,1,7/7/2012,N,Y,31,1,1,26,1,1,2,0,0,5/16/2018,5/16/2018
149662746,2,1,44,1,1,10/30/2003,N,Y,30,1,0,26,1,0,2,0,0,5/31/2018,NULL
147273019,1,1,40,1,1,1/29/2003,N,Y,31,0,0,26,0,0,2,0,0,NULL,NULL
225681632,1,1,39.99,1,1,4/16/2018,N,Y,30,25,0,26,23,0,2,1,0,6/30/2018,NULL
225752280,1,1,39,1,1,4/23/2018,N,Y,28,0,0,26,0,0,2,0,0,NULL,NULL
220806670,10,1,771.2,1,1,12/29/2016,N,Y,29,11,0,27,11,0,2,0,0,6/29/2018,NULL
225624005,4,1,594,1,1,4/12/2018,N,Y,30,0,0,27,0,0,2,0,0,NULL,NULL
225150641,6,1,542,1,1,2/23/2018,N,Y,34,1,0,27,1,0,2,0,0,6/8/2018,NULL
225695803,2,1,436,1,1,4/18/2018,N,Y,32,1,1,27,1,1,2,0,0,5/29/2018,5/29/2018
225846724,7,2,326.8,2,2,5/3/2018,N,Y,31,0,0,27,0,0,2,0,0,NULL,NULL
135602624,7,1,308.25,1,1,8/5/1999,N,Y,34,5,0,27,4,0,2,0,0,6/23/2018,NULL
225914326,5,1,291.33,1,1,5/10/2018,N,Y,30,28,0,27,25,0,2,2,0,6/30/2018,NULL
144570504,2,1,206.25,1,1,4/8/2002,N,Y,29,0,0,27,0,0,2,0,0,NULL,NULL
218358922,3,1,189.99,1,1,5/26/2016,N,Y,29,0,0,27,0,0,2,0,0,NULL,NULL
224836886,3,1,171.5,1,1,1/21/2018,N,Y,29,1,0,27,1,0,2,0,0,6/23/2018,NULL
225443654,5,2,158.75,2,2,3/23/2018,N,N,35,0,0,27,0,0,2,0,0,NULL,NULL
192674424,9,1,148.46,1,1,2/14/2011,N,Y,34,5,0,27,3,0,2,2,0,6/30/2018,NULL
201482345,1,1,129,1,1,3/23/2013,N,Y,31,4,0,27,4,0,2,0,0,6/16/2018,NULL
222615752,2,1,122.4,1,1,7/6/2017,N,Y,35,17,6,27,13,5,2,0,0,7/1/2018,6/29/2018
225878825,1,2,120,2,1,5/7/2018,N,Y,34,34,0,27,27,0,2,2,0,6/30/2018,NULL
225613213,3,1,93.5,1,1,4/11/2018,N,Y,30,1,0,27,1,0,2,0,0,5/20/2018,NULL
224153029,1,1,88.2,1,1,12/2/2017,N,Y,32,0,0,27,0,0,2,0,0,NULL,NULL
225950129,2,1,84,1,1,5/12/2018,N,Y,30,2,1,27,2,1,2,0,0,6/2/2018,5/23/2018
225798376,3,1,74.88,1,1,4/28/2018,N,Y,31,0,0,27,0,0,2,0,0,NULL,NULL
225762692,1,1,72,1,1,4/25/2018,N,N,31,0,0,27,0,0,2,0,0,NULL,NULL
224769901,5,1,69.47,1,1,1/12/2018,N,Y,29,5,0,27,5,0,2,0,0,6/29/2018,NULL
224889199,1,1,36.22,1,1,1/26/2018,N,Y,31,0,0,27,0,0,2,0,0,NULL,NULL
225520644,2,1,23.2,1,1,3/30/2018,N,Y,30,2,0,27,2,0,2,0,0,5/28/2018,NULL
179492683,5,3,705.54,2,2,9/20/2007,N,Y,32,5,0,28,5,0,2,0,0,6/22/2018,NULL
225950549,1,1,495,1,1,5/13/2018,N,Y,32,0,0,28,0,0,2,0,0,NULL,NULL
226027114,1,1,395,1,1,5/21/2018,N,Y,33,2,0,28,1,0,2,0,0,6/14/2018,NULL
226127903,5,1,392.99,1,1,6/2/2018,N,Y,32,32,1,28,28,1,2,2,0,7/1/2018,6/15/2018
192563078,2,1,367,1,1,2/10/2011,N,Y,32,18,0,28,16,0,2,1,0,6/29/2018,NULL
120506888,3,2,337.59,2,2,4/26/1996,N,Y,32,1,0,28,1,0,2,0,0,7/1/2018,NULL
222810260,9,1,323.63,1,1,7/27/2017,N,Y,30,7,0,28,6,0,2,1,0,7/2/2018,NULL
207808238,6,1,199,1,1,5/1/2014,N,N,34,1,0,28,1,0,2,0,0,5/19/2018,NULL
225835321,1,1,148,1,1,5/3/2018,N,Y,32,3,0,28,3,0,2,0,0,6/13/2018,NULL
224859327,2,1,135.7,1,1,1/24/2018,N,Y,31,0,0,28,0,0,2,0,0,NULL,NULL
223036752,2,1,105.7,1,1,8/14/2017,N,N,32,0,0,28,0,0,2,0,0,NULL,NULL
224676885,4,1,94.79,1,1,1/2/2018,N,N,30,2,0,28,1,0,2,1,0,6/30/2018,NULL
225964434,1,1,89,1,1,5/14/2018,N,Y,35,8,2,28,7,2,2,0,0,6/26/2018,6/8/2018
225872254,3,1,62.5,1,1,5/6/2018,N,Y,32,4,1,28,3,1,2,1,0,6/30/2018,6/7/2018
214390067,1,1,56.28,1,1,8/15/2015,N,N,31,3,2,28,3,2,2,0,0,6/22/2018,6/22/2018
225831888,1,1,50.75,1,1,5/2/2018,N,Y,32,1,0,28,1,0,2,0,0,6/15/2018,NULL
219115923,1,1,13.65,1,1,8/2/2016,N,N,34,2,1,28,1,1,2,0,0,6/28/2018,6/28/2018
217505297,24,2,524.68,2,2,3/17/2016,N,N,36,15,0,29,12,0,2,0,0,6/30/2018,NULL
188551953,6,2,355.09,2,1,11/19/2009,N,Y,35,4,0,29,4,0,2,0,0,6/29/2018,NULL
187538554,2,2,278.1,2,2,7/9/2009,N,Y,35,11,0,29,10,0,2,1,0,7/2/2018,NULL
220277013,3,2,191.9,2,2,11/25/2016,N,Y,36,4,0,29,2,0,2,2,0,6/30/2018,NULL
220967377,7,1,183.66,1,1,1/11/2017,N,Y,36,2,0,29,2,0,2,0,0,6/29/2018,NULL
150616466,13,1,182.38,1,1,3/31/2004,N,Y,33,0,0,29,0,0,2,0,0,NULL,NULL
225892013,3,1,177,1,1,5/8/2018,N,Y,37,1,1,29,1,1,2,0,0,5/16/2018,5/16/2018
216228334,4,1,162.85,1,1,12/24/2015,N,Y,31,6,0,29,6,0,2,0,0,6/13/2018,NULL
225100402,2,1,135,1,1,2/17/2018,N,Y,32,0,0,29,0,0,2,0,0,NULL,NULL
225616459,1,1,114,1,1,4/11/2018,N,N,33,0,0,29,0,0,2,0,0,NULL,NULL
195560516,1,1,110,1,1,1/19/2012,N,Y,33,2,2,29,1,1,2,0,0,6/26/2018,6/26/2018
224179388,4,1,104.79,1,1,12/3/2017,N,N,33,0,0,29,0,0,2,0,0,NULL,NULL
225748059,3,1,89,1,1,4/23/2018,N,Y,37,5,0,29,4,0,2,1,0,6/28/2018,NULL
225933710,4,1,88.7,1,1,5/11/2018,N,Y,32,0,0,29,0,0,2,0,0,NULL,NULL
204303805,3,1,86.85,1,1,9/12/2013,N,Y,32,4,0,29,4,0,2,0,0,6/20/2018,NULL
223686757,3,1,86,1,1,10/19/2017,N,N,31,0,0,29,0,0,2,0,0,NULL,NULL
225746208,3,2,82,2,1,4/23/2018,N,Y,32,0,0,29,0,0,2,0,0,NULL,NULL
225625243,2,1,64,1,1,4/13/2018,N,Y,32,9,0,29,8,0,2,0,0,6/26/2018,NULL
134945503,2,1,60,1,1,5/10/2007,N,Y,35,0,0,29,0,0,2,0,0,NULL,NULL
225767978,1,1,41.65,1,1,4/25/2018,N,Y,32,1,0,29,1,0,2,0,0,5/23/2018,NULL
153699231,1,1,28.8,1,1,6/29/2006,N,Y,36,20,0,29,17,0,2,0,0,6/20/2018,NULL
194759198,7,2,567,2,2,10/20/2011,N,Y,42,35,16,30,24,12,2,2,2,6/30/2018,6/30/2018
226011990,18,1,536.7,1,1,5/18/2018,N,Y,34,0,0,30,0,0,2,0,0,NULL,NULL
225881666,5,1,515,1,1,5/8/2018,N,Y,34,0,0,30,0,0,2,0,0,NULL,NULL
225979861,13,1,427.34,1,1,5/17/2018,N,Y,37,0,0,30,0,0,2,0,0,NULL,NULL
225955691,2,1,338,1,1,5/14/2018,N,Y,35,13,0,30,10,0,2,2,0,7/2/2018,NULL
204235901,12,2,294.9,2,2,9/8/2013,N,N,37,1,1,30,1,1,2,0,0,5/27/2018,5/27/2018
211018718,2,1,240,1,1,12/1/2014,N,Y,33,0,0,30,0,0,2,0,0,NULL,NULL
213342409,7,1,228,1,1,5/16/2015,N,Y,37,12,0,30,10,0,2,1,0,6/30/2018,NULL
205172417,1,1,188,1,1,11/22/2013,N,Y,34,6,2,30,6,2,2,0,0,6/26/2018,6/9/2018
224676361,22,1,185.46,1,1,1/2/2018,N,N,32,0,0,30,0,0,2,0,0,NULL,NULL
223850916,5,1,159.48,1,1,11/6/2017,N,Y,34,0,0,30,0,0,2,0,0,NULL,NULL
125876969,4,1,155.97,1,1,10/24/1997,N,Y,37,23,0,30,18,0,2,2,0,7/1/2018,NULL
224621248,2,1,140.99,1,1,12/30/2017,N,Y,32,0,0,30,0,0,2,0,0,NULL,NULL
210103338,2,1,127.5,1,1,10/10/2014,N,Y,32,1,0,30,1,0,2,0,0,6/11/2018,NULL
214671291,1,1,116.76,1,1,9/8/2015,N,Y,33,2,0,30,2,0,2,0,0,6/30/2018,NULL
224316349,2,1,78,1,1,12/13/2017,N,N,32,0,0,30,0,0,2,0,0,NULL,NULL
225586620,4,1,77,1,1,4/7/2018,N,Y,33,0,0,30,0,0,2,0,0,NULL,NULL
213702106,1,1,75,1,1,6/19/2015,N,N,35,11,3,30,10,3,2,1,0,6/30/2018,5/24/2018
223968734,4,1,71.75,1,1,11/17/2017,N,Y,32,5,0,30,5,0,2,0,0,6/29/2018,NULL
224108781,1,1,69.65,1,1,11/30/2017,N,Y,34,4,3,30,4,3,2,0,0,6/20/2018,6/14/2018
223158165,4,1,67.61,1,1,8/26/2017,N,Y,34,7,0,30,6,0,2,0,0,6/13/2018,NULL
225651095,1,1,36,1,1,4/13/2018,N,Y,32,0,0,30,0,0,2,0,0,NULL,NULL
225519968,3,1,929.75,1,1,3/31/2018,N,Y,37,23,2,31,18,2,2,1,0,6/28/2018,6/18/2018
122800081,4,1,317.45,1,1,4/1/1999,N,Y,38,13,1,31,11,1,2,1,0,6/30/2018,5/25/2018
224567075,3,1,252,1,1,12/27/2017,N,Y,33,3,1,31,3,1,2,0,0,6/29/2018,6/29/2018
204044491,6,3,234.95,1,1,8/25/2013,N,Y,39,3,1,31,1,0,2,1,1,6/29/2018,6/29/2018
186619214,5,1,220.53,1,1,4/16/2009,N,Y,35,1,0,31,1,0,2,0,0,5/30/2018,NULL
223274236,2,1,199.98,1,1,9/9/2017,N,N,35,1,0,31,1,0,2,0,0,5/26/2018,NULL
225910164,3,1,158.5,1,1,5/10/2018,N,Y,36,9,3,31,7,3,2,1,0,6/30/2018,6/16/2018
205821386,5,1,117.55,1,1,12/23/2013,N,Y,33,3,0,31,3,0,2,0,0,6/29/2018,NULL
213991887,3,2,103.9,2,2,7/16/2015,N,Y,36,2,0,31,2,0,2,0,0,6/11/2018,NULL
207913520,5,1,46.5,1,1,5/8/2014,N,Y,35,19,0,31,16,0,2,1,0,6/30/2018,NULL
145980229,1,1,41.3,1,1,7/21/2003,N,Y,40,4,0,31,3,0,2,1,0,6/30/2018,NULL
122624752,49,6,3401.67,6,3,7/26/1999,N,Y,39,30,1,32,24,1,2,1,0,6/28/2018,5/27/2018
216850280,15,1,1645.61,1,1,1/31/2016,N,Y,36,34,0,32,30,0,2,2,0,6/30/2018,NULL
223795003,12,3,1184.7,3,3,10/30/2017,N,Y,39,7,0,32,6,0,2,0,0,6/24/2018,NULL
225398641,33,2,1134.95,2,1,3/18/2018,Y,Y,38,4,0,32,2,0,2,0,0,6/10/2018,NULL
223568884,19,2,1122.65,2,1,10/6/2017,N,Y,36,1,0,32,1,0,2,0,0,6/6/2018,NULL
225923292,6,1,1110,1,1,5/11/2018,N,Y,36,1,0,32,1,0,2,0,0,5/27/2018,NULL
212127882,20,1,748.42,1,1,2/12/2015,N,Y,38,2,0,32,1,0,2,0,0,6/20/2018,NULL
223719762,14,2,683.27,2,2,10/22/2017,N,Y,38,8,0,32,7,0,2,0,0,6/13/2018,NULL
181964071,9,1,660.85,1,1,4/2/2008,N,Y,41,8,1,32,7,1,2,0,0,6/26/2018,5/26/2018
183471892,13,1,472.15,1,1,8/7/2008,N,Y,40,9,0,32,7,0,2,1,0,7/1/2018,NULL
225572784,4,2,440.54,2,2,4/6/2018,N,Y,38,28,0,32,25,0,2,1,0,6/29/2018,NULL
223195159,18,1,348.16,1,1,9/1/2017,N,Y,36,2,0,32,2,0,2,0,0,6/15/2018,NULL
225023066,5,1,310.45,1,1,2/9/2018,N,Y,35,1,0,32,1,0,2,0,0,5/20/2018,NULL
224562570,5,1,299.85,1,1,12/27/2017,N,N,36,0,0,32,0,0,2,0,0,NULL,NULL
147206700,2,1,249.99,1,1,3/29/2002,N,Y,37,1,0,32,1,0,2,0,0,5/30/2018,NULL
225685125,2,1,247.99,1,1,4/18/2018,N,Y,36,9,0,32,8,0,2,1,0,6/28/2018,NULL
225909367,6,2,239.96,2,2,5/10/2018,N,Y,40,8,0,32,7,0,2,0,0,6/29/2018,NULL
224262176,4,1,216.2,1,1,12/9/2017,N,Y,34,1,0,32,1,0,2,0,0,6/5/2018,NULL
223854598,2,1,191.8,1,1,11/5/2017,N,Y,41,7,3,32,5,1,2,1,1,6/30/2018,6/30/2018
209144349,2,2,190.99,2,2,8/4/2014,N,Y,41,1,0,32,0,0,2,1,0,6/28/2018,NULL
136778419,8,1,166.26,1,1,4/28/2001,N,Y,40,2,0,32,1,0,2,1,0,6/30/2018,NULL
214651294,1,1,160,1,1,9/5/2015,N,Y,36,7,0,32,6,0,2,1,0,6/30/2018,NULL
225910515,2,1,150.25,1,1,5/10/2018,N,Y,36,4,1,32,3,0,2,0,0,6/18/2018,5/24/2018
225805441,1,1,150,1,1,4/28/2018,N,Y,35,1,0,32,1,0,2,0,0,6/19/2018,NULL
215151047,8,1,140.35,1,1,10/19/2015,N,Y,34,9,0,32,8,0,2,1,0,6/30/2018,NULL
183464718,3,2,86.39,2,1,8/7/2008,N,Y,40,0,0,32,0,0,2,0,0,NULL,NULL
222846603,1,1,14.7,1,1,7/28/2017,N,N,36,2,0,32,2,0,2,0,0,6/26/2018,NULL
223831337,63,1,2173.08,1,1,11/2/2017,N,Y,40,3,1,33,2,1,2,1,0,7/5/2018,6/3/2018
223587739,7,3,1013.7,3,2,10/8/2017,N,Y,38,0,0,33,0,0,2,0,0,NULL,NULL
225067820,17,1,731,1,1,2/16/2018,N,Y,42,9,0,33,5,0,2,0,0,6/3/2018,NULL
222622279,23,1,608.89,1,1,7/7/2017,N,Y,37,4,0,33,3,0,2,1,0,6/29/2018,NULL
225423392,7,1,556,1,1,3/21/2018,N,N,36,1,0,33,1,0,2,0,0,6/20/2018,NULL
224195328,3,1,397,1,1,12/5/2017,N,Y,36,1,0,33,1,0,2,0,0,5/29/2018,NULL
224798142,4,2,382,2,2,1/15/2018,N,Y,42,0,0,33,0,0,2,0,0,NULL,NULL
225439509,18,2,340.88,1,1,3/24/2018,N,Y,36,0,0,33,0,0,2,0,0,NULL,NULL
225169160,5,2,303,2,2,2/25/2018,N,Y,37,7,0,33,6,0,2,1,0,6/28/2018,NULL
224265216,18,1,291.63,1,1,12/9/2017,N,Y,35,29,2,33,27,2,2,2,0,6/30/2018,6/24/2018
225095647,3,1,281.2,1,1,2/17/2018,N,Y,38,11,4,33,11,4,2,0,0,6/23/2018,6/14/2018
132510966,2,2,191.5,2,2,1/30/2000,N,Y,40,7,0,33,6,0,2,1,0,7/1/2018,NULL
126231440,3,3,135.65,3,2,8/31/1997,N,Y,39,7,2,33,4,0,2,2,2,6/30/2018,6/30/2018
202564574,1,1,98,1,1,5/16/2013,N,Y,39,1,0,33,1,0,2,0,0,6/5/2018,NULL
164880803,1,1,98,1,1,2/25/2006,N,Y,41,1,0,33,1,0,2,0,0,6/14/2018,NULL
224903468,1,1,89,1,1,1/27/2018,N,Y,36,2,0,33,2,0,2,0,0,6/6/2018,NULL
213365874,1,1,64.8,1,1,5/19/2015,N,Y,35,17,0,33,15,0,2,2,0,6/30/2018,NULL
224108831,1,1,59.4,1,1,11/29/2017,N,Y,36,0,0,33,0,0,2,0,0,NULL,NULL
208226321,2,1,34.8,1,1,5/29/2014,N,Y,39,8,0,33,8,0,2,0,0,6/25/2018,NULL
218138530,10,2,818.16,2,2,5/6/2016,N,Y,41,4,0,34,3,0,2,0,0,6/11/2018,NULL
214104976,10,1,740.18,1,1,7/25/2015,N,N,37,12,4,34,11,3,2,1,1,6/30/2018,6/30/2018
225735223,2,1,648.5,1,1,4/21/2018,N,Y,43,1,1,34,1,1,2,0,0,5/25/2018,5/25/2018
225581930,8,1,480.95,1,1,4/7/2018,N,Y,36,0,0,34,0,0,2,0,0,NULL,NULL
188336468,19,4,469.52,3,2,10/15/2009,N,Y,42,1,0,34,1,0,2,0,0,5/29/2018,NULL
224125816,5,3,332.64,3,2,12/1/2017,N,Y,43,0,0,34,0,0,2,0,0,NULL,NULL
222760507,4,2,262.15,2,2,7/21/2017,N,Y,38,2,1,34,1,1,2,1,0,6/28/2018,5/28/2018
224246550,10,1,256.8,1,1,12/8/2017,N,Y,36,0,0,34,0,0,2,0,0,NULL,NULL
225441444,2,1,208,1,1,3/24/2018,N,N,37,1,0,34,0,0,2,1,0,6/30/2018,NULL
175280331,1,1,108.36,1,1,3/22/2007,N,Y,42,42,0,34,34,0,2,2,0,7/2/2018,NULL
206517519,2,1,105.69,1,1,2/6/2014,N,Y,39,39,1,34,34,1,2,2,0,6/30/2018,5/31/2018
222114783,1,1,101.99,1,1,5/11/2017,N,N,38,0,0,34,0,0,2,0,0,NULL,NULL
186246244,4,2,92.4,2,2,3/9/2009,N,N,41,1,0,34,1,0,2,0,0,5/21/2018,NULL
188934965,1,1,78,1,1,12/31/2009,N,Y,41,5,0,34,5,0,2,0,0,6/16/2018,NULL
223272549,3,1,74.23,1,1,9/9/2017,N,Y,38,0,0,34,0,0,2,0,0,NULL,NULL
201703869,3,1,46.5,1,1,4/3/2013,N,Y,40,1,0,34,1,0,2,0,0,6/3/2018,NULL
201795153,9,2,1366.3,2,2,4/9/2013,N,Y,40,14,0,35,13,0,2,0,0,6/18/2018,NULL
124267760,10,2,1101.19,2,2,12/26/1996,N,Y,39,39,39,35,35,35,2,2,2,6/30/2018,6/30/2018
136198228,26,2,768.3,2,2,7/28/2016,N,Y,44,0,0,35,0,0,2,0,0,NULL,NULL
223441110,12,2,560.65,2,2,9/21/2017,N,Y,43,16,0,35,14,0,2,0,0,6/8/2018,NULL
213267860,6,2,422.9,2,2,5/12/2015,N,Y,40,6,0,35,4,0,2,0,0,6/4/2018,NULL
225206530,7,1,274.47,1,1,3/1/2018,N,Y,38,5,1,35,5,1,2,0,0,6/18/2018,6/4/2018
213329341,7,2,266.24,2,1,5/15/2015,N,Y,37,35,0,35,33,0,2,2,0,6/30/2018,NULL
223084821,9,1,226.75,1,1,8/20/2017,N,N,37,0,0,35,0,0,2,0,0,NULL,NULL
200345656,2,1,168,1,1,1/9/2013,N,Y,41,41,0,35,35,0,2,2,0,6/30/2018,NULL
224063901,4,2,167.5,2,2,11/26/2017,N,Y,42,3,0,35,3,0,2,0,0,6/12/2018,NULL
134133584,27,2,1068.08,2,1,8/3/2000,N,Y,41,13,0,36,12,0,2,1,0,6/28/2018,NULL
122820981,11,5,522.18,5,2,3/24/1997,N,Y,40,2,0,36,2,0,2,0,0,6/19/2018,NULL
220247714,4,2,488.1,2,1,11/23/2016,N,Y,39,28,2,36,26,2,2,1,0,6/29/2018,6/15/2018
216610951,7,1,484,1,1,1/12/2016,N,N,40,2,1,36,2,1,2,0,0,6/12/2018,6/6/2018
147736672,4,1,463.5,1,1,6/16/2004,N,Y,42,42,42,36,36,36,2,2,2,6/30/2018,6/30/2018
134498248,4,1,363.68,1,1,2/15/2007,N,Y,41,5,0,36,4,0,2,1,0,6/30/2018,NULL
213423576,6,1,300.5,1,1,5/23/2015,N,Y,38,3,0,36,3,0,2,0,0,7/1/2018,NULL
172174059,8,2,228,2,1,10/6/2006,N,N,42,23,1,36,21,1,2,0,0,6/28/2018,5/23/2018
215967738,5,1,216.68,1,1,12/12/2015,N,Y,39,5,0,36,5,0,2,0,0,6/25/2018,NULL
212241466,5,1,162.05,1,1,2/21/2015,N,Y,40,21,2,36,18,1,2,2,1,7/1/2018,7/1/2018
224327954,5,1,151.61,1,1,12/14/2017,N,Y,39,4,0,36,4,0,2,0,0,7/1/2018,NULL
203610155,1,1,20.99,1,1,7/26/2013,N,Y,43,5,1,36,3,1,2,1,0,7/5/2018,6/8/2018
221938468,23,3,1872.05,3,2,4/25/2017,N,Y,45,45,2,37,37,1,2,2,0,6/30/2018,6/21/2018
220670177,20,1,820.11,1,1,12/19/2016,N,Y,41,5,0,37,5,0,2,0,0,6/21/2018,NULL
225707463,4,1,786,1,1,4/20/2018,N,Y,41,1,0,37,1,0,2,0,0,6/20/2018,NULL
186011552,7,2,752.99,2,1,2/19/2009,N,N,43,0,0,37,0,0,2,0,0,NULL,NULL
193683669,18,1,632.5,1,1,6/16/2011,N,Y,43,0,0,37,0,0,2,0,0,NULL,NULL
202108288,9,2,570.19,1,1,4/18/2013,Y,Y,44,2,0,37,1,0,2,0,0,6/17/2018,NULL
225815233,11,1,550.65,1,1,4/30/2018,N,Y,41,1,0,37,1,0,2,0,0,5/20/2018,NULL
201431373,15,1,405.33,1,1,3/17/2013,N,Y,43,1,0,37,0,0,2,0,0,5/20/2018,NULL
223919174,3,2,326,2,2,11/12/2017,N,Y,43,0,0,37,0,0,2,0,0,NULL,NULL
225364966,5,1,311.56,1,1,3/15/2018,N,N,40,0,0,37,0,0,2,0,0,NULL,NULL
115856495,5,1,302.98,1,1,6/1/1997,N,Y,44,0,0,37,0,0,2,0,0,NULL,NULL
219431477,9,1,199.32,1,1,8/28/2016,N,Y,40,26,6,37,24,6,2,1,0,6/30/2018,6/26/2018
225819418,4,2,186.26,1,1,4/30/2018,N,Y,41,14,0,37,14,0,2,0,0,6/29/2018,NULL
207552159,2,1,182.03,1,1,4/13/2014,N,Y,41,15,0,37,15,0,2,0,0,6/29/2018,NULL
225830185,4,2,173.73,2,1,5/1/2018,N,Y,41,0,0,37,0,0,2,0,0,NULL,NULL
211061764,5,3,170.07,1,1,12/6/2014,N,Y,41,4,0,37,3,0,2,1,0,6/28/2018,NULL
131173344,3,1,127.92,1,1,8/24/1999,N,Y,46,12,0,37,10,0,2,0,0,6/25/2018,NULL
204967678,1,1,99.99,1,1,3/16/2013,N,Y,44,0,0,37,0,0,2,0,0,NULL,NULL
212261160,2,1,95.99,1,1,2/24/2015,N,Y,44,21,0,37,16,0,2,0,0,6/29/2018,NULL
223560106,29,2,3112.82,2,2,10/5/2017,N,N,42,4,2,38,3,1,2,1,1,6/30/2018,6/30/2018
218320996,37,2,2358.15,2,1,5/22/2016,N,N,43,29,1,38,24,1,2,2,0,7/1/2018,6/26/2018
224894474,25,2,1135.11,1,1,1/27/2018,N,Y,42,24,8,38,21,8,2,1,0,6/30/2018,6/24/2018
203736942,5,3,629,3,2,8/4/2013,N,Y,46,13,0,38,11,0,2,0,0,6/23/2018,NULL
213665447,9,1,576.6,1,1,6/18/2015,N,N,40,1,1,38,0,0,2,1,1,6/30/2018,6/30/2018
148128824,12,1,469.62,1,1,3/12/2003,N,Y,44,12,10,38,9,8,2,2,1,6/30/2018,6/30/2018
225257232,5,1,443.4,1,1,3/4/2018,N,Y,43,7,3,38,5,2,2,0,0,6/5/2018,5/28/2018
223460164,19,1,396.54,1,1,9/23/2017,N,Y,41,0,0,38,0,0,2,0,0,NULL,NULL
224805469,13,3,383.26,2,2,1/16/2018,N,Y,42,42,42,38,38,38,2,2,2,6/30/2018,6/30/2018
223604703,48,1,370.57,1,1,10/10/2017,N,Y,40,13,0,38,11,0,2,2,0,7/1/2018,NULL
224630317,8,1,304.91,1,1,12/30/2017,N,Y,42,41,0,38,37,0,2,2,0,6/30/2018,NULL
216143938,11,1,186.98,1,1,12/20/2015,N,Y,45,6,3,38,5,3,2,0,0,6/30/2018,6/28/2018
172970131,5,1,132.5,1,1,10/7/2006,N,Y,47,36,1,38,29,1,2,2,0,6/30/2018,6/9/2018
218053386,2,2,120.05,2,2,4/29/2016,N,Y,41,32,1,38,29,0,2,2,1,6/30/2018,7/1/2018
115857670,2,1,119.99,1,1,6/1/1997,N,Y,47,43,1,38,35,1,2,2,0,7/1/2018,6/6/2018
219504895,15,2,911.38,2,1,9/4/2016,N,Y,46,1,0,39,1,0,2,0,0,6/14/2018,NULL
206947718,28,1,640.29,1,1,3/4/2014,N,Y,43,6,0,39,5,0,2,1,0,6/28/2018,NULL
150438522,13,5,629.99,5,4,5/25/2004,N,Y,51,1,0,39,1,0,2,0,0,6/21/2018,NULL
225364270,11,1,600.06,1,1,3/15/2018,N,Y,43,2,0,39,2,0,2,0,0,6/22/2018,NULL
224066174,5,1,540,1,1,11/26/2017,N,Y,43,19,1,39,16,1,2,1,0,6/30/2018,6/1/2018
225811073,4,1,371.49,1,1,4/29/2018,N,Y,42,2,0,39,2,0,2,0,0,6/8/2018,NULL
223715995,11,3,332.47,3,2,10/22/2017,N,Y,43,4,0,39,3,0,2,1,0,6/27/2018,NULL
192055602,4,1,292.2,1,1,12/16/2010,N,Y,49,18,1,39,11,0,2,2,1,6/30/2018,6/28/2018
149149200,5,1,202.38,1,1,8/15/2003,N,Y,45,0,0,39,0,0,2,0,0,NULL,NULL
221113370,6,1,146.72,1,1,1/28/2017,N,Y,46,0,0,39,0,0,2,0,0,NULL,NULL
204305486,3,1,121.29,1,1,9/14/2013,N,Y,42,22,0,39,20,0,2,1,0,6/30/2018,NULL
225846845,2,1,87.5,1,1,5/3/2018,N,Y,44,2,1,39,0,0,2,1,1,6/28/2018,6/28/2018
203939385,2,1,76,1,1,7/13/2013,N,Y,47,5,1,39,4,1,2,1,0,6/30/2018,6/22/2018
162790631,3,2,72.29,2,2,1/19/2006,N,Y,46,41,0,39,34,0,2,2,0,6/30/2018,NULL
197082482,11,3,1313,3,2,6/7/2012,N,Y,52,4,0,40,3,0,2,0,0,7/1/2018,NULL
200337527,14,2,892.26,2,2,1/8/2013,N,Y,49,2,1,40,1,1,2,0,0,6/3/2018,5/19/2018
179615676,13,2,751.97,2,2,9/27/2007,N,Y,49,38,0,40,30,0,2,1,0,7/1/2018,NULL
225525135,15,3,602.16,3,3,4/1/2018,N,Y,46,31,2,40,27,1,2,1,0,6/30/2018,6/26/2018
205980045,13,2,574.07,2,2,12/30/2013,N,Y,43,3,0,40,3,0,2,0,0,6/26/2018,NULL
220540391,7,1,326.47,1,1,12/11/2016,N,N,46,17,0,40,16,0,2,0,0,6/20/2018,NULL
212529064,5,1,313.08,1,1,3/15/2015,N,Y,42,13,0,40,12,0,2,1,0,6/29/2018,NULL
155644507,5,1,290,1,1,11/9/2006,N,Y,49,33,0,40,26,0,2,1,0,6/30/2018,NULL
220002174,24,1,2830.05,1,1,10/23/2016,N,Y,47,0,0,41,0,0,2,0,0,NULL,NULL
191000798,28,1,1850.52,1,1,8/19/2010,N,N,47,45,0,41,40,0,2,2,0,6/30/2018,NULL
201756742,12,2,1093.03,2,2,4/4/2013,N,Y,50,21,0,41,18,0,2,1,0,6/29/2018,NULL
219831764,13,2,939.98,2,1,10/5/2016,N,Y,44,16,0,41,15,0,2,0,0,7/3/2018,NULL
225567320,14,2,803.44,2,1,4/6/2018,N,Y,44,2,0,41,1,0,2,0,0,6/15/2018,NULL
205649062,17,3,783.79,3,2,12/16/2013,N,Y,45,1,0,41,1,0,2,0,0,5/18/2018,NULL
223376505,14,2,549.87,2,2,9/16/2017,N,Y,48,47,7,41,40,6,2,2,0,6/30/2018,6/17/2018
204588365,7,2,431.27,1,1,10/5/2013,N,N,50,6,1,41,5,1,2,0,0,6/29/2018,6/1/2018
217652871,10,1,367.44,1,1,3/28/2016,N,Y,49,12,2,41,11,2,2,0,0,6/25/2018,6/17/2018
214989450,4,2,296.98,2,2,10/5/2015,N,Y,48,37,0,41,31,0,2,2,0,6/30/2018,NULL
213173061,31,1,1376.9,1,1,5/2/2015,N,Y,50,2,0,42,2,0,2,0,0,5/27/2018,NULL
184954958,22,3,1322.57,2,2,11/27/2008,N,Y,49,6,0,42,6,0,2,0,0,6/20/2018,NULL
225952076,11,3,1205.49,3,2,5/13/2018,N,Y,49,0,0,42,0,0,2,0,0,NULL,NULL
222696272,8,3,769.15,3,3,7/14/2017,N,Y,49,0,0,42,0,0,2,0,0,NULL,NULL
225056339,21,2,705.35,2,1,2/13/2018,N,Y,45,0,0,42,0,0,2,0,0,NULL,NULL
202724555,10,2,641.35,2,2,5/31/2013,N,Y,52,49,1,42,40,0,2,2,0,7/1/2018,6/3/2018
225142236,19,3,522.45,3,1,2/23/2018,N,Y,49,17,0,42,14,0,2,1,0,6/30/2018,NULL
222912515,21,2,462.1,2,1,8/3/2017,N,Y,48,4,3,42,3,2,2,0,0,6/24/2018,6/24/2018
222282877,12,1,381.18,1,1,6/1/2017,N,Y,49,10,0,42,8,0,2,0,0,6/26/2018,NULL
117700701,10,2,276.77,2,2,8/24/1999,N,Y,48,4,2,42,4,2,2,0,0,6/26/2018,6/26/2018
147748778,4,1,265.8,1,1,2/20/2003,N,Y,51,9,0,42,8,0,2,0,0,6/28/2018,NULL
222605103,5,1,189.91,1,1,7/5/2017,N,Y,44,0,0,42,0,0,2,0,0,NULL,NULL
213681942,2,1,88,1,1,6/18/2015,N,Y,50,10,0,42,9,0,2,0,0,6/24/2018,NULL
155171834,65,2,1390.27,2,2,12/29/2004,N,Y,52,11,0,43,8,0,2,0,0,6/27/2018,NULL
224690818,17,2,1058.26,2,2,1/4/2018,N,Y,50,7,0,43,6,0,2,0,0,6/1/2018,NULL
125025278,12,1,696,1,1,4/12/1997,N,Y,50,1,0,43,0,0,2,1,0,6/28/2018,NULL
182378131,18,1,446.77,1,1,8/4/1996,N,Y,55,25,12,43,15,6,2,1,1,6/30/2018,6/30/2018
225353418,5,2,301.65,2,2,3/14/2018,N,Y,50,0,0,43,0,0,2,0,0,NULL,NULL
195575257,17,1,180.48,1,1,1/22/2012,N,Y,50,1,0,43,1,0,2,0,0,6/29/2018,NULL
171286645,52,2,1689.78,2,2,3/3/2005,N,Y,54,20,8,44,14,6,2,2,0,6/30/2018,6/27/2018
149118647,18,2,1108.2,2,2,1/19/2004,N,Y,54,25,1,44,20,1,2,0,0,6/29/2018,5/26/2018
168547030,12,2,734.42,2,2,7/27/2006,N,Y,48,37,0,44,33,0,2,2,0,6/29/2018,NULL
216215570,19,2,650.75,1,1,12/23/2015,N,Y,49,1,0,44,1,0,2,0,0,6/8/2018,NULL
216138002,17,2,602.29,2,1,12/19/2015,N,Y,50,6,0,44,5,0,2,0,0,6/29/2018,NULL
204277925,8,1,536.98,1,1,9/12/2013,N,Y,51,40,0,44,36,0,2,0,0,6/27/2018,NULL
115822340,11,1,485.25,1,1,9/22/1994,N,Y,50,50,0,44,44,0,2,2,0,6/29/2018,NULL
209837190,8,3,292.98,3,2,9/14/2014,N,Y,58,5,0,44,4,0,2,0,0,6/25/2018,NULL
211786046,2,1,158.65,1,1,1/15/2015,N,Y,52,1,0,44,1,0,2,0,0,5/29/2018,NULL
221056163,32,4,1963.38,4,2,1/23/2017,N,Y,54,41,8,45,33,8,2,2,0,6/30/2018,6/27/2018
132389165,26,3,1098.35,3,1,7/4/2013,N,Y,54,12,1,45,8,1,2,0,0,6/29/2018,5/24/2018
179504733,53,4,1024.38,4,1,9/20/2007,N,Y,53,4,0,45,2,0,2,0,0,6/24/2018,NULL
195820987,9,1,790.71,1,1,3/1/2012,N,Y,52,17,0,45,15,0,2,0,0,6/14/2018,NULL
201345610,8,2,738.99,2,2,3/13/2013,N,Y,54,0,0,45,0,0,2,0,0,NULL,NULL
158968247,7,2,516.55,2,2,7/1/1988,N,Y,54,18,0,45,15,0,2,1,0,6/30/2018,NULL
220052328,22,2,468.93,2,1,10/30/2016,N,Y,54,7,3,45,5,1,2,2,2,6/30/2018,6/30/2018
181247141,20,2,365.3,2,2,1/29/2008,N,N,53,42,1,45,34,1,2,2,0,6/30/2018,6/3/2018
132245740,12,2,331.16,2,2,2/3/2000,N,Y,51,0,0,45,0,0,2,0,0,NULL,NULL
209119375,40,3,1107.19,3,2,7/31/2014,N,Y,58,23,13,46,17,11,2,1,1,6/29/2018,6/29/2018
223285937,18,2,1014.89,2,1,9/8/2017,N,Y,49,0,0,46,0,0,2,0,0,NULL,NULL
127158055,26,2,534.04,2,1,8/1/1998,N,Y,52,0,0,46,0,0,2,0,0,NULL,NULL
225451267,41,2,817.02,2,1,3/23/2018,N,Y,56,6,2,47,5,2,2,0,0,6/13/2018,6/13/2018
123480591,8,2,752.85,2,2,10/22/1999,N,Y,55,7,1,47,5,1,2,0,0,6/29/2018,6/21/2018
142143009,25,2,684.97,2,2,12/20/2004,N,Y,56,28,0,47,23,0,2,2,0,6/30/2018,NULL
200757454,11,1,533.54,1,1,2/7/2013,N,Y,56,52,2,47,43,2,2,2,0,6/30/2018,6/10/2018
126603969,6,2,368.68,2,2,8/3/2002,N,Y,55,46,0,47,41,0,2,0,0,6/24/2018,NULL
202079356,12,2,263.28,2,1,4/18/2013,N,Y,59,10,3,47,8,3,2,0,0,6/23/2018,6/23/2018
163468192,52,1,2494.79,1,1,12/8/2005,N,Y,55,31,1,48,28,1,2,1,0,6/29/2018,6/3/2018
175071508,8,3,1218.28,2,2,3/6/2007,N,Y,56,9,0,48,8,0,2,0,0,6/22/2018,NULL
193256896,16,2,943.96,2,2,4/21/2011,N,Y,57,3,0,48,3,0,2,0,0,6/16/2018,NULL
225509295,26,2,778.22,1,1,3/30/2018,N,Y,50,0,0,48,0,0,2,0,0,NULL,NULL
121496621,23,1,572.34,1,1,9/3/1998,N,Y,61,60,5,48,47,5,2,2,0,6/30/2018,6/9/2018
212558875,35,2,477.85,2,2,3/20/2015,N,Y,59,41,0,48,33,0,2,1,0,6/30/2018,NULL
225268788,6,2,424.03,2,2,3/7/2018,Y,Y,58,51,2,48,42,1,2,2,0,6/30/2018,6/6/2018
224913795,133,2,6192.62,2,2,1/28/2018,N,Y,56,3,1,49,3,1,2,0,0,5/28/2018,5/16/2018
143100063,30,2,2529.1,2,2,5/12/2014,N,N,55,15,0,49,14,0,2,0,0,6/20/2018,NULL
120008483,15,3,1219.89,2,2,3/2/2005,N,Y,58,3,2,49,3,2,2,0,0,6/8/2018,6/5/2018
224665565,24,3,865.32,3,2,1/1/2018,N,Y,56,23,2,49,20,2,2,1,0,6/29/2018,5/31/2018
225634331,10,3,615.83,3,1,4/14/2018,N,Y,58,22,4,49,16,3,2,2,0,7/1/2018,5/24/2018
223989708,15,2,343.8,2,2,11/19/2017,N,Y,57,3,0,49,1,0,2,1,0,6/29/2018,NULL
223454313,22,1,1236.07,1,1,9/23/2017,N,Y,58,2,0,50,1,0,2,1,0,6/28/2018,NULL
216450726,22,2,1116.01,2,2,12/31/2015,N,Y,60,16,1,50,13,1,2,0,0,6/26/2018,6/4/2018
215681411,14,2,650.13,2,1,11/26/2015,N,Y,57,8,0,51,6,0,2,1,0,6/27/2018,NULL
117256370,5,1,205.85,1,1,1/1/1993,N,N,59,2,0,51,2,0,2,0,0,6/26/2018,NULL
183262510,27,1,1313.84,1,1,7/24/2008,N,N,59,14,0,52,14,0,2,0,0,6/21/2018,NULL
223253018,12,2,597.55,2,2,9/5/2017,N,Y,60,42,0,52,35,0,2,2,0,6/30/2018,NULL
126775868,84,1,2410.73,1,1,4/15/1998,N,Y,65,8,1,54,6,1,2,0,0,6/22/2018,5/25/2018
200261297,27,2,645.15,2,2,1/1/2013,N,Y,64,25,1,55,21,0,2,1,1,7/4/2018,6/30/2018
223198748,23,2,1482.61,2,2,9/1/2017,N,Y,67,0,0,58,0,0,2,0,0,NULL,NULL
214778450,25,1,543.35,1,1,9/19/2015,N,Y,68,2,0,58,1,0,2,0,0,6/9/2018,NULL
117590780,88,6,4775.54,6,2,8/5/1999,N,Y,69,7,3,59,7,3,2,0,0,6/28/2018,6/13/2018
145616602,38,1,1281.13,1,1,1/7/2004,N,Y,68,53,0,59,48,0,2,1,0,7/2/2018,NULL
187845517,48,2,6170.91,2,2,8/6/2009,N,Y,72,20,3,61,16,2,2,0,0,6/30/2018,6/30/2018
217908793,7,1,173.7,1,1,4/18/2016,N,N,2,2,2,0,0,0,2,2,2,6/29/2018,6/29/2018
188512115,3,1,140.99,1,1,11/12/2009,N,Y,3,0,0,0,0,0,2,0,0,NULL,NULL
179775340,3,1,134,1,1,10/11/2007,Y,Y,2,2,0,0,0,0,2,2,0,6/30/2018,NULL
213171602,1,1,64.99,1,1,5/4/2015,N,Y,2,2,2,0,0,0,2,2,2,7/2/2018,7/2/2018
136687945,1,1,43.05,0,0,1/10/2002,N,Y,2,0,0,0,0,0,2,0,0,NULL,NULL
174489869,0,0,NULL,0,0,1/25/2007,N,Y,3,1,1,0,0,0,2,1,1,6/28/2018,6/28/2018
213215278,0,0,NULL,0,0,5/7/2015,N,N,2,1,0,0,0,0,2,1,0,6/28/2018,NULL
210513086,0,0,NULL,0,0,11/1/1997,Y,N,2,2,1,0,0,0,2,2,1,6/30/2018,6/27/2018
215687965,0,0,NULL,0,0,11/27/2015,N,Y,2,2,0,0,0,0,2,2,0,6/30/2018,NULL
175777596,0,0,NULL,0,0,4/26/2007,N,Y,3,2,0,0,0,0,2,2,0,6/30/2018,NULL
123750279,0,0,NULL,0,0,8/11/1999,Y,N,2,1,0,0,0,0,2,1,0,6/27/2018,NULL
148827361,0,0,NULL,0,0,8/30/2003,N,Y,3,1,1,0,0,0,2,1,1,6/27/2018,6/27/2018
213739383,17,1,252.68,1,1,6/24/2015,Y,Y,4,0,0,1,0,0,3,0,0,NULL,NULL
211911499,0,0,NULL,0,0,1/28/2015,Y,Y,4,1,1,1,1,1,3,0,0,6/23/2018,6/23/2018
180588732,0,0,NULL,0,0,4/5/2005,Y,Y,4,3,1,1,0,0,3,3,1,6/28/2018,6/27/2018
119973740,103,6,12161.92,6,3,8/18/1999,Y,Y,7,2,0,2,0,0,3,2,0,6/30/2018,NULL
135340248,5,2,328.5,2,2,11/25/2000,Y,Y,6,6,0,2,2,0,3,3,0,6/30/2018,NULL
191001422,13,2,149.56,2,2,8/19/2010,Y,Y,6,2,0,2,0,0,3,1,0,6/28/2018,NULL
193336933,2,1,69,1,1,4/24/2011,Y,Y,5,5,1,2,2,0,3,3,1,6/30/2018,6/30/2018
121041709,14,3,330.42,2,2,10/31/1996,Y,Y,6,4,1,3,1,0,3,3,1,7/1/2018,6/27/2018
173066086,8,1,301.2,1,1,10/26/2006,Y,Y,7,7,0,3,3,0,3,3,0,6/30/2018,NULL
226311356,1,1,96,1,1,6/21/2018,Y,Y,7,0,0,3,0,0,3,0,0,NULL,NULL
226327810,2,1,46.06,1,1,6/21/2018,Y,Y,6,6,2,3,3,1,3,3,1,6/30/2018,6/28/2018
195387965,11,3,514.45,2,2,12/29/2011,Y,Y,8,8,0,4,4,0,3,3,0,6/30/2018,NULL
226314478,5,1,218.8,1,1,6/21/2018,Y,Y,7,1,0,4,1,0,3,0,0,6/26/2018,NULL
203975886,5,2,435.36,2,2,8/18/2013,Y,Y,11,1,0,5,0,0,3,0,0,6/24/2018,NULL
212987209,3,1,203.18,1,1,4/17/2015,Y,N,8,0,0,5,0,0,3,0,0,NULL,NULL
172201308,3,1,74.99,1,1,8/9/2006,Y,Y,14,14,14,6,6,6,3,3,3,6/30/2018,6/30/2018
133768701,1,1,109.8,1,1,5/24/2000,Y,Y,11,4,2,7,3,2,3,0,0,6/25/2018,6/25/2018
210720628,1,1,96.25,1,1,8/25/2010,Y,Y,11,4,1,7,2,0,3,1,1,6/30/2018,6/30/2018
154741288,1,1,47.7,1,1,11/22/1999,Y,Y,17,1,0,8,0,0,3,1,0,7/2/2018,NULL
225858441,3,1,90.25,1,1,5/3/2018,Y,Y,14,2,0,10,1,0,3,1,0,6/27/2018,NULL
178113473,2,1,62.3,1,1,6/13/2007,Y,Y,17,9,0,12,5,0,3,3,0,6/30/2018,NULL
201529604,0,0,NULL,0,0,3/15/2013,Y,Y,16,5,0,12,2,0,3,2,0,6/30/2018,NULL
143443993,12,2,262.84,2,2,2/6/2003,Y,Y,19,15,0,14,12,0,3,2,0,7/3/2018,NULL
140817920,5,1,248.61,0,0,11/12/2001,Y,N,17,3,0,14,3,0,3,0,0,6/15/2018,NULL
157883477,1,1,46.2,1,1,3/3/2005,Y,Y,20,6,3,14,4,2,3,1,1,6/29/2018,6/29/2018
195057487,0,0,NULL,0,0,12/1/2011,Y,Y,18,2,1,14,0,0,3,1,0,6/27/2018,6/4/2018
188893129,2,2,364.31,2,2,12/22/2009,Y,Y,18,0,0,15,0,0,3,0,0,NULL,NULL
226207787,7,2,100.99,2,2,6/8/2018,Y,Y,19,8,3,15,5,3,3,2,0,6/29/2018,6/26/2018
224916152,3,2,306.5,1,1,1/28/2018,Y,Y,20,0,0,16,0,0,3,0,0,NULL,NULL
119721446,6,1,73.19,1,1,8/24/1999,Y,N,24,1,0,16,0,0,3,0,0,6/24/2018,NULL
137744118,1,1,42,1,1,11/12/2001,Y,Y,22,6,4,16,4,2,3,1,1,6/30/2018,6/30/2018
226185996,7,1,404,1,1,6/8/2018,Y,Y,20,0,0,17,0,0,3,0,0,NULL,NULL
208513194,2,1,70.97,1,1,6/15/2014,Y,Y,22,1,0,17,1,0,3,0,0,6/12/2018,NULL
214736312,0,0,NULL,0,0,9/13/2015,Y,N,21,2,0,17,2,0,3,0,0,6/26/2018,NULL
225129946,1,1,139.3,1,1,2/21/2018,Y,Y,22,0,0,19,0,0,3,0,0,NULL,NULL
225074687,3,1,67.89,1,1,2/15/2018,Y,Y,28,12,0,20,6,0,3,1,0,7/2/2018,NULL
115902405,1,1,49.99,1,1,7/1/1991,Y,Y,27,6,1,20,5,1,3,0,0,6/24/2018,5/29/2018
208779286,1,1,64.5,1,1,7/8/2014,Y,N,29,1,0,21,1,0,3,0,0,6/13/2018,NULL
225604456,0,0,NULL,0,0,4/7/2018,Y,N,24,3,0,21,3,0,3,0,0,6/4/2018,NULL
212273977,25,2,1360.26,2,2,2/25/2015,Y,N,29,0,0,22,0,0,3,0,0,NULL,NULL
217184571,3,1,234,1,1,2/24/2016,Y,Y,30,2,0,22,2,0,3,0,0,6/13/2018,NULL
200773892,2,1,198,1,1,2/5/2013,Y,Y,25,0,0,22,0,0,3,0,0,NULL,NULL
173440478,3,1,106,1,1,2/17/2005,Y,N,29,7,0,22,6,0,3,0,0,6/22/2018,NULL
116123362,1,1,47,1,1,11/1/1976,Y,Y,28,7,0,22,4,0,3,1,0,6/30/2018,NULL
138597756,53,1,1004.46,0,0,11/12/2001,Y,Y,27,1,1,23,0,0,3,0,0,5/24/2018,5/24/2018
212798103,15,2,887,2,2,4/3/2015,N,Y,30,4,0,23,0,0,3,0,0,6/24/2018,NULL
123469706,30,3,530.79,3,1,5/24/1996,Y,Y,30,0,0,23,0,0,3,0,0,NULL,NULL
223997661,4,1,111.15,1,1,11/19/2017,Y,Y,30,10,0,23,9,0,3,1,0,6/27/2018,NULL
223411541,4,1,25,1,1,9/20/2017,Y,Y,31,0,0,23,0,0,3,0,0,NULL,NULL
128921392,0,0,NULL,0,0,2/18/1998,Y,Y,29,5,0,23,5,0,3,0,0,6/25/2018,NULL
220081018,105,1,2753.33,1,1,11/3/2016,Y,Y,31,0,0,24,0,0,3,0,0,NULL,NULL
125589198,5,1,653,1,1,3/1/1990,Y,Y,28,5,0,24,4,0,3,0,0,6/23/2018,NULL
133379186,6,1,197.29,1,1,12/29/1999,Y,Y,32,3,0,24,1,0,3,1,0,6/28/2018,NULL
115872546,1,1,79.99,1,1,1/1/1993,Y,Y,27,5,0,24,5,0,3,0,0,6/14/2018,NULL
224018350,17,2,760.69,2,2,11/22/2017,Y,Y,34,2,0,26,1,0,3,1,0,6/27/2018,NULL
221919361,17,2,508.63,2,2,4/22/2017,Y,N,33,23,2,26,19,2,3,2,0,6/30/2018,6/9/2018
124733515,5,1,60.2,1,1,8/24/1999,Y,Y,35,35,2,27,27,2,3,3,0,6/30/2018,6/12/2018
214754198,1,1,115,1,1,9/16/2015,N,Y,35,24,2,28,19,1,3,2,1,6/29/2018,6/28/2018
125254714,4,1,69.4,1,1,9/6/2005,Y,Y,36,1,0,28,0,0,3,0,0,6/17/2018,NULL
216943567,13,1,542.39,1,1,2/8/2016,Y,N,36,13,3,29,8,0,3,3,3,6/30/2018,6/30/2018
140378053,1,1,131.4,1,1,12/21/1999,Y,Y,39,27,6,29,18,5,3,2,0,7/5/2018,6/29/2018
116041470,1,1,81.9,1,1,1/1/1983,Y,N,34,0,0,29,0,0,3,0,0,NULL,NULL
206936499,9,1,525.7,1,1,3/1/2014,Y,N,37,3,0,30,3,0,3,0,0,6/24/2018,NULL
208051667,2,1,174,1,1,5/15/2014,Y,Y,37,0,0,30,0,0,3,0,0,NULL,NULL
221163406,2,2,151.15,2,1,2/3/2017,Y,N,40,1,1,30,1,1,3,0,0,5/17/2018,5/17/2018
219580771,8,1,318.8,1,1,9/11/2016,Y,N,40,3,0,31,2,0,3,0,0,6/17/2018,NULL
150300727,4,1,162,1,1,3/26/2004,Y,Y,40,8,0,31,6,0,3,0,0,6/24/2018,NULL
200730059,13,2,435.92,2,2,1/31/2013,Y,Y,35,2,2,32,2,2,3,0,0,6/14/2018,6/14/2018
181914209,11,3,377.23,3,2,3/20/2008,Y,Y,36,1,0,32,1,0,3,0,0,6/19/2018,NULL
211119755,3,1,193,1,1,12/7/2014,Y,Y,40,2,0,32,2,0,3,0,0,6/20/2018,NULL
136693759,8,2,171.44,2,1,3/1/1998,Y,Y,39,7,0,32,6,0,3,1,0,6/30/2018,NULL
122113855,5,1,53.32,1,1,7/27/2001,Y,N,40,38,0,32,30,0,3,3,0,6/30/2018,NULL
217161176,42,1,1589.87,1,1,2/20/2016,Y,Y,40,1,0,33,1,0,3,0,0,5/26/2018,NULL
225390966,14,2,1205,2,2,3/17/2018,Y,Y,40,17,0,33,15,0,3,2,0,6/29/2018,NULL
143895406,12,3,425.7,3,3,1/3/2002,Y,Y,41,41,1,33,33,1,3,3,0,6/30/2018,5/20/2018
166156190,3,1,232,1,1,5/4/2006,Y,Y,40,0,0,33,0,0,3,0,0,NULL,NULL
162612423,5,1,140.25,1,1,2/7/2008,Y,N,43,13,0,33,12,0,3,0,0,6/12/2018,NULL
207770800,3,1,102.4,1,1,4/30/2014,Y,Y,42,18,1,33,13,1,3,1,0,6/29/2018,6/25/2018
225860185,2,2,87,2,2,5/5/2018,Y,Y,41,5,0,34,3,0,3,1,0,6/28/2018,NULL
195366727,16,3,1137.1,3,3,12/29/2011,Y,Y,43,3,1,35,0,0,3,1,1,6/29/2018,6/29/2018
214139304,43,2,736.78,2,2,7/29/2015,Y,Y,38,1,1,35,1,1,3,0,0,6/30/2018,6/30/2018
171276219,7,1,337.39,1,1,2/14/2005,Y,Y,43,9,0,35,7,0,3,1,0,6/29/2018,NULL
225659720,6,2,253.17,1,1,4/12/2018,N,Y,42,5,0,35,2,0,3,2,0,6/29/2018,NULL
124734181,18,1,226.85,1,1,4/19/2000,Y,N,42,7,0,35,6,0,3,0,0,6/24/2018,NULL
140050392,2,2,151.4,2,1,4/20/1997,Y,Y,42,1,0,35,1,0,3,0,0,5/26/2018,NULL
224930886,2,1,112.8,1,1,1/30/2018,Y,Y,43,2,0,35,1,0,3,1,0,6/29/2018,NULL
197436175,7,2,556.88,2,2,7/1/2012,Y,Y,45,1,1,36,1,1,3,0,0,6/15/2018,6/15/2018
219236214,4,2,548.99,2,1,8/11/2016,Y,Y,44,0,0,36,0,0,3,0,0,NULL,NULL
165647298,9,1,169.16,1,1,5/25/2006,Y,Y,43,42,1,36,36,1,3,3,0,6/30/2018,5/22/2018
116219321,1,1,59.99,1,1,12/1/1986,Y,Y,43,25,0,36,21,0,3,3,0,6/30/2018,NULL
207258941,19,1,830.95,1,1,3/23/2014,Y,Y,45,44,6,37,36,5,3,3,0,6/30/2018,6/26/2018
155761783,32,3,641.51,2,1,2/10/2005,Y,Y,44,4,0,37,2,0,3,1,0,6/26/2018,NULL
137970262,13,1,579.68,1,1,9/2/2012,Y,Y,44,4,0,37,2,0,3,0,0,6/24/2018,NULL
181702279,9,1,335.54,1,1,3/2/2008,Y,Y,40,0,0,37,0,0,3,0,0,NULL,NULL
196995781,7,1,146.41,1,1,5/27/2012,Y,Y,46,2,0,37,1,0,3,0,0,6/22/2018,NULL
138320309,5,1,128.55,1,1,11/12/2001,Y,Y,45,35,0,37,28,0,3,3,0,6/30/2018,NULL
143172982,3,1,55.75,1,1,11/12/2001,Y,Y,44,11,0,37,10,0,3,1,0,6/30/2018,NULL
116137137,9,2,3830.59,2,2,8/24/1999,Y,N,44,4,0,38,3,0,3,1,0,6/28/2018,NULL
222804522,19,2,1652.3,2,2,7/25/2017,Y,Y,45,20,2,38,16,2,3,3,0,7/1/2018,6/19/2018
126265429,16,2,1124.69,2,2,10/2/1998,Y,Y,47,22,3,38,18,3,3,3,0,7/2/2018,6/23/2018
121297725,7,3,441.7,3,2,2/25/2000,Y,N,45,18,0,38,16,0,3,1,0,6/27/2018,NULL
207059361,9,1,359.5,1,1,3/9/2014,Y,Y,46,42,1,38,35,1,3,3,0,6/30/2018,6/11/2018
135458930,9,1,247.75,1,1,1/15/2001,Y,Y,47,6,0,38,4,0,3,0,0,6/29/2018,NULL
217281134,12,2,149.29,2,2,2/28/2016,Y,Y,48,0,0,38,0,0,3,0,0,NULL,NULL
195971707,81,3,1449.91,1,1,2/19/2012,Y,N,48,9,0,39,9,0,3,0,0,6/19/2018,NULL
160194608,6,2,560.75,2,2,4/7/2005,Y,Y,50,4,2,39,3,2,3,0,0,6/15/2018,6/2/2018
115823054,15,1,363.26,1,1,5/15/1997,Y,Y,45,26,0,39,21,0,3,2,0,6/29/2018,NULL
222836263,7,3,176.98,3,2,7/29/2017,Y,Y,48,0,0,39,0,0,3,0,0,NULL,NULL
122870181,3,1,88.12,1,1,8/24/1999,Y,Y,50,47,3,39,38,3,3,1,0,6/29/2018,6/23/2018
136101169,7,1,211.35,1,1,9/1/2004,Y,Y,47,0,0,40,0,0,3,0,0,NULL,NULL
115626867,5,1,182.14,1,1,8/1/1990,Y,Y,48,13,2,40,11,2,3,0,0,7/1/2018,6/5/2018
225440671,65,3,1651.88,3,2,3/22/2018,Y,Y,55,16,0,41,12,0,3,1,0,7/1/2018,NULL
224042740,16,2,931.47,2,2,11/24/2017,N,Y,45,5,0,41,5,0,3,0,0,6/4/2018,NULL
196485481,19,1,496.75,1,1,4/22/2012,Y,Y,51,4,1,41,4,1,3,0,0,6/9/2018,6/9/2018
174674073,8,1,295.64,1,1,2/6/2007,Y,Y,48,11,0,41,9,0,3,1,0,6/29/2018,NULL
171813927,6,1,200.78,1,1,9/27/2006,Y,Y,50,18,0,41,16,0,3,0,0,6/30/2018,NULL
214165929,10,2,160.87,1,1,8/1/2015,Y,N,47,16,0,41,12,0,3,3,0,7/1/2018,NULL
223403617,26,2,1833.27,2,1,9/20/2017,Y,Y,46,4,0,42,4,0,3,0,0,6/21/2018,NULL
122673567,30,4,814.29,4,2,2/9/2000,Y,N,52,45,1,42,36,0,3,2,1,6/29/2018,6/27/2018
210740196,7,2,465.53,2,2,7/1/2012,Y,Y,53,38,0,42,32,0,3,0,0,6/27/2018,NULL
225927465,6,1,415,1,1,5/12/2018,Y,Y,52,7,1,42,6,1,3,0,0,6/5/2018,6/5/2018
225059362,14,1,356.17,1,1,2/14/2018,Y,Y,45,0,0,42,0,0,3,0,0,NULL,NULL
128017309,11,1,193.12,1,1,8/1/1984,Y,Y,52,2,0,42,0,0,3,1,0,6/29/2018,NULL
205816694,7,2,1210.5,2,2,12/23/2013,Y,Y,52,10,1,43,6,1,3,2,0,6/29/2018,5/26/2018
222857173,6,2,399.71,2,1,7/26/2017,Y,Y,52,11,0,43,9,0,3,1,0,6/27/2018,NULL
116041467,18,1,1888.89,1,1,6/1/1992,Y,Y,55,13,9,44,11,7,3,0,0,6/29/2018,6/29/2018
151041468,21,1,766.7,1,1,6/25/2003,Y,Y,51,11,1,44,9,1,3,1,0,6/30/2018,5/27/2018
209127126,21,1,545.88,1,1,8/2/2014,Y,Y,50,40,8,44,34,7,3,3,0,6/30/2018,6/29/2018
193936364,10,2,436.94,2,1,7/17/2011,Y,Y,51,47,2,44,40,2,3,3,0,6/30/2018,6/11/2018
120596535,14,2,368.66,1,1,3/1/1985,Y,Y,52,44,0,44,38,0,3,2,0,6/30/2018,NULL
198866048,7,1,280.23,1,1,8/2/2012,Y,Y,54,0,0,44,0,0,3,0,0,NULL,NULL
136965006,4,1,179.2,1,1,10/1/1993,Y,N,54,0,0,44,0,0,3,0,0,NULL,NULL
224695780,15,1,784.25,1,1,1/2/2018,Y,Y,55,0,0,45,0,0,3,0,0,NULL,NULL
144471538,13,1,545.11,1,1,2/17/2002,Y,Y,53,11,1,45,9,1,3,1,0,7/1/2018,5/22/2018
144336440,22,1,452.41,1,1,3/8/2002,Y,N,53,7,0,45,4,0,3,2,0,6/30/2018,NULL
208204765,9,2,370.88,2,1,5/25/2014,Y,Y,53,16,0,45,14,0,3,2,0,7/5/2018,NULL
154439545,7,2,314.84,2,2,12/14/2004,Y,Y,55,16,3,45,15,3,3,0,0,6/19/2018,6/18/2018
195877929,13,2,253.88,2,1,2/23/2012,Y,N,53,1,0,45,1,0,3,0,0,5/31/2018,NULL
222052949,40,3,1480.27,1,1,5/4/2017,Y,Y,56,7,0,46,4,0,3,0,0,6/15/2018,NULL
217069532,25,1,1349.67,1,1,2/17/2016,Y,Y,52,4,1,46,3,1,3,0,0,7/6/2018,6/3/2018
146412715,30,3,1324.75,3,3,11/15/2002,Y,Y,57,11,5,46,9,4,3,1,1,6/27/2018,6/27/2018
205422082,20,2,1096.84,2,1,12/6/2013,Y,Y,58,32,5,46,24,5,3,3,0,7/2/2018,6/29/2018
120764284,12,2,1057.97,2,1,7/1/1988,Y,Y,55,5,0,46,2,0,3,0,0,6/11/2018,NULL
191116190,20,3,726.9,3,2,8/26/2010,Y,N,53,3,0,46,3,0,3,0,0,6/22/2018,NULL
123640744,23,2,684.35,2,2,6/25/1997,Y,Y,54,2,0,46,1,0,3,1,0,6/27/2018,NULL
115696215,17,1,479.24,1,1,9/1/1985,Y,Y,55,1,0,46,1,0,3,0,0,5/31/2018,NULL
192342451,19,1,432.08,1,1,1/10/2011,Y,Y,55,2,0,46,2,0,3,0,0,6/23/2018,NULL
137333734,3,1,243.98,1,1,5/2/2001,Y,Y,58,4,2,46,4,2,3,0,0,6/9/2018,6/5/2018
217771428,59,1,2268.83,1,1,4/8/2016,Y,N,54,0,0,47,0,0,3,0,0,NULL,NULL
166877514,15,2,969.23,2,2,5/24/2006,Y,Y,56,5,0,47,4,0,3,0,0,6/17/2018,NULL
200384055,16,3,780.99,3,1,1/10/2013,Y,N,54,21,0,47,18,0,3,2,0,6/29/2018,NULL
116334047,14,3,748.31,3,3,11/1/1983,Y,Y,59,57,3,47,46,2,3,3,1,7/2/2018,7/1/2018
118207819,9,1,468.7,1,1,7/1/1984,Y,N,57,44,0,47,36,0,3,3,0,6/30/2018,NULL
193776910,12,1,460.45,1,1,6/29/2011,Y,Y,56,2,0,47,2,0,3,0,0,6/29/2018,NULL
220430616,10,2,178.24,2,1,12/1/2016,Y,Y,56,42,0,47,36,0,3,2,0,6/30/2018,NULL
194786738,42,3,2251.96,3,1,5/5/2011,Y,Y,54,38,3,48,33,2,3,2,0,7/1/2018,6/19/2018
223556908,27,4,1055.92,4,3,10/4/2017,Y,Y,58,0,0,48,0,0,3,0,0,NULL,NULL
222726946,29,3,913.47,2,1,7/16/2017,Y,Y,59,0,0,48,0,0,3,0,0,NULL,NULL
203046406,20,2,491.85,2,1,6/9/2013,Y,N,55,50,1,48,43,0,3,3,1,7/2/2018,6/27/2018
195095807,15,2,491.36,2,2,12/6/2011,N,Y,59,32,0,48,25,0,3,1,0,6/27/2018,NULL
116805766,49,2,3672.64,2,2,11/12/2001,Y,Y,59,24,0,49,24,0,3,0,0,7/1/2018,NULL
121888140,12,1,546.8,1,1,3/26/1996,Y,Y,60,45,5,49,37,4,3,2,0,7/2/2018,6/19/2018
210590256,8,2,202.35,2,1,8/1/1997,Y,Y,56,56,0,49,49,0,3,3,0,7/3/2018,NULL
124339579,10,1,195.24,1,1,8/24/1999,Y,Y,59,19,2,49,16,2,3,1,0,6/29/2018,6/23/2018
117418489,103,1,5562.21,1,1,9/1/1995,Y,Y,57,1,0,50,0,0,3,1,0,6/27/2018,NULL
142554625,60,1,3568.63,1,1,9/19/2002,Y,Y,58,0,0,50,0,0,3,0,0,NULL,NULL
131741995,38,4,1461.75,2,2,11/11/1999,Y,N,59,14,0,50,12,0,3,1,0,6/28/2018,NULL
216505231,37,3,1394.33,3,2,1/1/2016,Y,Y,59,6,0,50,4,0,3,0,0,6/3/2018,NULL
173635155,14,2,522.35,2,2,12/7/2006,Y,Y,60,36,0,50,29,0,3,1,0,6/30/2018,NULL
207799518,7,3,272.39,3,1,4/25/2014,Y,Y,56,7,0,50,5,0,3,1,0,6/27/2018,NULL
223977329,107,2,3209.4,1,1,11/17/2017,Y,Y,58,7,0,51,6,0,3,0,0,6/26/2018,NULL
123584455,30,1,2254.26,1,1,11/29/1999,Y,Y,59,6,1,51,5,1,3,0,0,6/13/2018,6/8/2018
225218522,15,2,1003.06,2,2,3/1/2018,Y,Y,60,1,0,51,1,0,3,0,0,5/17/2018,NULL
171565110,25,2,668.27,1,1,6/29/2006,Y,Y,60,27,7,51,22,7,3,3,0,6/30/2018,6/16/2018
213237282,18,1,650.49,1,1,5/8/2015,Y,N,59,1,0,51,1,0,3,0,0,6/14/2018,NULL
118526828,74,3,4678.67,3,2,8/1/1997,Y,Y,62,7,2,52,6,2,3,0,0,6/24/2018,5/28/2018
223257108,21,2,1337.9,2,2,9/5/2017,N,Y,62,5,0,52,4,0,3,1,0,6/28/2018,NULL
119698225,37,2,1075.19,2,1,3/4/2005,Y,Y,65,45,11,52,36,11,3,1,0,6/30/2018,6/18/2018
134072873,9,4,503.65,4,2,10/1/1992,Y,N,62,19,6,52,16,5,3,0,0,6/30/2018,6/22/2018
121790594,21,3,1991.89,3,2,4/20/1997,Y,Y,67,5,2,53,3,1,3,0,0,6/17/2018,6/14/2018
120149538,11,2,1706.09,2,2,3/31/1994,Y,Y,64,19,0,53,16,0,3,1,0,6/29/2018,NULL
135487964,37,1,1013.02,1,1,12/3/2000,Y,Y,64,12,1,53,9,1,3,1,0,6/29/2018,6/23/2018
218306503,38,1,1234.5,1,1,5/20/2016,Y,Y,63,2,0,54,2,0,3,0,0,6/19/2018,NULL
216521649,20,3,568.8,3,2,1/2/2016,Y,Y,62,0,0,54,0,0,3,0,0,NULL,NULL
223524747,183,4,7483.77,4,2,9/28/2017,N,Y,64,63,0,55,54,0,3,3,0,6/30/2018,NULL
212142670,43,2,1354.46,2,2,2/15/2015,Y,Y,65,2,1,55,1,0,3,1,1,6/27/2018,6/27/2018
138508055,43,1,1006.71,1,1,9/18/2000,Y,N,64,24,0,55,20,0,3,2,0,6/30/2018,NULL
206743158,24,2,716.22,2,2,2/20/2014,Y,Y,65,12,0,55,11,0,3,0,0,6/20/2018,NULL
117333442,18,1,580.18,1,1,7/18/1997,Y,Y,65,1,0,56,1,0,3,0,0,6/6/2018,NULL
223630877,221,4,8298.99,3,3,10/12/2017,Y,Y,72,38,0,57,27,0,3,0,0,6/24/2018,NULL
146607050,39,5,2061.75,4,1,10/14/1998,Y,Y,65,13,0,57,10,0,3,2,0,7/5/2018,NULL
116232428,55,1,1771.48,1,1,3/12/1989,Y,Y,70,14,4,57,11,4,3,0,0,6/26/2018,6/24/2018
168320529,34,2,1089.77,2,2,4/2/2006,Y,Y,70,17,4,57,13,4,3,1,0,7/1/2018,6/23/2018
212292924,23,2,915.62,2,2,2/25/2015,Y,Y,68,60,7,57,50,7,3,3,0,6/30/2018,6/25/2018
161556993,55,3,629.81,3,1,6/7/2005,Y,Y,65,4,1,57,3,0,3,1,1,6/29/2018,6/27/2018
202980339,187,7,8564.93,5,4,6/3/2013,Y,Y,73,61,5,58,48,5,3,3,0,6/30/2018,6/23/2018
118199846,53,1,2815.34,1,1,3/1/1988,Y,Y,67,4,0,58,4,0,3,0,0,6/27/2018,NULL
192766042,30,2,1340.12,2,2,2/24/2011,Y,N,67,66,2,58,57,2,3,3,0,6/30/2018,6/1/2018
206597170,41,3,1337.91,3,2,2/11/2014,Y,Y,71,39,10,58,30,10,3,2,0,6/30/2018,6/25/2018
127533010,84,7,8114.06,6,4,9/1/1995,Y,Y,70,55,1,59,47,1,3,2,0,6/28/2018,6/8/2018
198793150,46,2,2435.36,2,1,10/2/2012,Y,Y,70,2,0,59,2,0,3,0,0,6/14/2018,NULL
125860031,37,2,2022.69,2,2,10/1/1997,Y,Y,71,23,2,59,17,1,3,2,1,6/29/2018,6/26/2018
206308243,43,2,1562.5,2,2,1/20/2014,Y,Y,70,22,4,60,19,3,3,1,0,6/27/2018,6/15/2018
118998612,32,1,727.91,1,1,11/1/1991,Y,Y,71,9,2,60,5,1,3,1,1,6/27/2018,6/27/2018
122683123,56,4,3647.08,3,3,1/25/2004,Y,Y,73,70,1,62,59,1,3,3,0,6/30/2018,6/19/2018
116181356,65,2,2805.67,2,2,11/12/2001,Y,Y,76,17,2,62,15,2,3,1,0,6/29/2018,5/23/2018
116176589,177,13,5009.98,8,5,7/1/1978,Y,Y,75,3,0,63,2,0,3,0,0,6/4/2018,NULL
128024997,40,2,2145.11,2,2,3/1/1996,Y,Y,74,56,3,63,48,2,3,2,1,7/5/2018,6/29/2018
186148623,1,1,110,1,1,3/2/2009,Y,Y,3,1,0,0,0,0,3,1,0,7/1/2018,NULL
218537410,0,0,NULL,0,0,6/9/2016,Y,Y,3,0,0,0,0,0,3,0,0,NULL,NULL
165172588,0,0,NULL,0,0,2/9/2006,Y,N,5,5,0,1,1,0,4,4,0,6/30/2018,NULL
208786702,36,2,508.32,2,2,7/12/2014,Y,Y,18,0,0,13,0,0,4,0,0,NULL,NULL
225692457,0,0,NULL,0,0,4/19/2018,Y,Y,24,24,2,20,20,2,4,4,0,6/30/2018,6/27/2018
219746931,75,3,2477.14,3,1,9/25/2016,Y,Y,44,44,44,33,33,33,4,4,4,6/30/2018,6/30/2018
122692194,18,1,1501.36,1,1,12/3/2009,Y,Y,50,0,0,41,0,0,4,0,0,NULL,NULL
168684198,11,1,540.98,1,1,11/1/1998,Y,Y,53,0,0,45,0,0,4,0,0,NULL,NULL
214768985,23,2,1806.81,2,2,9/17/2015,N,Y,1,1,0,1,1,0,0,0,0,5/19/2018,NULL
200552826,40,2,848.17,2,2,1/24/2013,N,Y,1,0,0,1,0,0,0,0,0,NULL,NULL
226257352,11,1,431.23,1,1,6/15/2018,N,Y,1,0,0,1,0,0,0,0,0,NULL,NULL
226346261,1,1,69,1,1,6/24/2018,N,Y,2,1,0,1,0,0,0,0,0,7/3/2018,NULL
213408475,0,0,NULL,0,0,5/21/2015,N,Y,1,1,0,1,1,0,0,0,0,6/20/2018,NULL
216653319,0,0,NULL,0,0,1/15/2016,N,Y,3,0,0,1,0,0,0,0,0,NULL,NULL
226340599,1,1,218,1,1,6/24/2018,N,Y,2,2,0,2,2,0,0,0,0,6/29/2018,NULL
226337655,1,1,99.99,1,1,6/23/2018,N,Y,2,2,1,2,2,1,0,0,0,6/28/2018,6/28/2018
226295416,0,0,NULL,0,0,6/18/2018,N,Y,2,0,0,2,0,0,0,0,0,NULL,NULL
226308766,0,0,NULL,0,0,6/21/2018,N,Y,3,0,0,2,0,0,0,0,0,NULL,NULL
226334901,3,1,391,1,1,6/22/2018,N,Y,3,1,0,3,1,0,0,0,0,6/28/2018,NULL
226324704,5,1,332.8,1,1,6/22/2018,N,Y,3,0,0,3,0,0,0,0,0,NULL,NULL
226331478,2,1,164.15,1,1,6/23/2018,N,Y,4,2,1,3,2,1,0,0,0,6/26/2018,6/25/2018
226334286,2,1,18.69,0,0,6/22/2018,N,Y,3,3,0,3,3,0,0,0,0,6/29/2018,NULL
226262110,0,0,NULL,0,0,6/16/2018,N,Y,3,1,0,3,1,0,0,0,0,6/20/2018,NULL
226251749,0,0,NULL,0,0,6/14/2018,N,Y,3,1,0,3,1,0,0,0,0,6/25/2018,NULL
220285989,0,0,NULL,0,0,11/25/2016,N,Y,5,2,0,4,1,0,0,0,0,6/12/2018,NULL
151110993,0,0,NULL,0,0,4/30/2006,N,Y,4,3,0,4,3,0,0,0,0,6/14/2018,NULL
226297454,3,1,147.34,0,0,6/19/2018,N,Y,5,3,0,5,3,0,0,0,0,6/26/2018,NULL
226227349,0,0,NULL,0,0,6/11/2018,N,Y,6,0,0,6,0,0,0,0,0,NULL,NULL
224963284,0,0,NULL,0,0,2/3/2018,N,N,6,3,0,6,3,0,0,0,0,6/15/2018,NULL
226124599,0,0,NULL,0,0,5/31/2018,N,Y,6,0,0,6,0,0,0,0,0,NULL,NULL
226211928,0,0,NULL,0,0,6/10/2018,N,Y,7,2,0,7,2,0,0,0,0,6/26/2018,NULL
225325268,0,0,NULL,0,0,3/10/2018,N,Y,7,0,0,7,0,0,0,0,0,NULL,NULL
224754006,0,0,NULL,0,0,1/10/2018,N,N,8,0,0,8,0,0,0,0,0,NULL,NULL
225945879,0,0,NULL,0,0,5/12/2018,N,Y,9,0,0,8,0,0,0,0,0,NULL,NULL
224984666,0,0,NULL,0,0,2/6/2018,N,Y,9,1,1,8,1,1,0,0,0,6/16/2018,6/16/2018
223468399,17,2,504.4,2,2,9/24/2017,N,Y,11,1,0,9,1,0,0,0,0,5/28/2018,NULL
225154274,0,0,NULL,0,0,2/23/2018,N,Y,9,1,0,9,1,0,0,0,0,6/14/2018,NULL
224936257,0,0,NULL,0,0,2/1/2018,N,N,10,0,0,9,0,0,0,0,0,NULL,NULL
225827754,1,1,179,1,1,5/1/2018,N,N,12,0,0,10,0,0,0,0,0,NULL,NULL
226154995,0,0,NULL,0,0,6/3/2018,N,Y,10,1,0,10,1,0,0,0,0,6/8/2018,NULL
226146605,0,0,NULL,0,0,6/3/2018,N,Y,10,1,0,10,1,0,0,0,0,6/26/2018,NULL
210253483,0,0,NULL,0,0,10/24/2014,N,Y,11,8,0,10,8,0,0,0,0,6/29/2018,NULL
226123979,0,0,NULL,0,0,6/1/2018,N,Y,10,0,0,10,0,0,0,0,0,NULL,NULL
209870220,0,0,NULL,0,0,9/19/2014,Y,Y,11,3,0,10,2,0,0,0,0,6/11/2018,NULL
203667691,45,4,2306.77,4,3,7/6/2013,N,Y,12,12,0,11,11,0,0,0,0,7/2/2018,NULL
188958091,69,1,1854.11,1,1,1/7/2010,N,Y,12,9,2,11,8,2,0,0,0,6/1/2018,5/29/2018
223955587,3,1,224.99,0,0,11/17/2017,N,N,11,0,0,11,0,0,0,0,0,NULL,NULL
224591134,3,2,193.05,1,1,12/30/2017,N,Y,12,1,1,12,1,1,0,0,0,6/9/2018,6/9/2018
225422350,0,0,NULL,0,0,3/21/2018,N,Y,12,0,0,12,0,0,0,0,0,NULL,NULL
195692141,28,7,799.39,5,3,2/6/2012,N,Y,13,0,0,13,0,0,0,0,0,NULL,NULL
226030761,0,0,NULL,0,0,5/22/2018,N,Y,14,5,2,13,4,1,0,0,0,6/26/2018,6/26/2018
225130841,2,1,154.8,1,1,2/21/2018,N,Y,16,3,1,14,3,1,0,0,0,6/14/2018,6/11/2018
224179427,1,1,48.3,1,1,12/3/2017,N,Y,16,0,0,14,0,0,0,0,0,NULL,NULL
225551619,0,0,NULL,0,0,4/4/2018,N,Y,15,2,1,14,2,1,0,0,0,6/6/2018,6/6/2018
225594054,0,0,NULL,0,0,4/8/2018,N,Y,14,12,0,14,12,0,0,0,0,6/26/2018,NULL
225857905,0,0,NULL,0,0,5/5/2018,N,Y,15,0,0,14,0,0,0,0,0,NULL,NULL
225819223,0,0,NULL,0,0,5/1/2018,N,Y,17,9,3,15,9,3,0,0,0,6/16/2018,5/31/2018
224906137,20,2,198.62,1,1,1/27/2018,N,Y,16,0,0,16,0,0,0,0,0,NULL,NULL
220670938,2,2,401.8,2,1,12/20/2016,N,Y,17,0,0,17,0,0,0,0,0,NULL,NULL
223801853,8,1,256.9,0,0,11/1/2017,N,N,17,2,0,17,2,0,0,0,0,5/31/2018,NULL
225448562,0,0,NULL,0,0,3/24/2018,N,Y,18,3,0,17,3,0,0,0,0,6/14/2018,NULL
223136698,2,1,39.2,1,1,8/25/2017,N,N,18,0,0,18,0,0,0,0,0,NULL,NULL
215374791,10,1,319.88,1,1,11/5/2015,N,Y,19,8,0,19,8,0,0,0,0,6/27/2018,NULL
224839195,3,1,73.98,0,0,1/20/2018,N,Y,19,0,0,19,0,0,0,0,0,NULL,NULL
133051424,1,1,44,1,1,8/25/2000,N,Y,20,0,0,20,0,0,0,0,0,NULL,NULL
224724800,12,1,632.18,1,1,1/6/2018,N,Y,26,7,1,21,5,1,0,0,0,7/1/2018,5/23/2018
225487784,6,1,92.59,0,0,3/29/2018,N,Y,21,20,0,21,20,0,0,0,0,6/29/2018,NULL
197698203,10,1,835.89,1,1,7/25/2012,N,Y,26,2,1,23,1,1,0,0,0,6/1/2018,5/30/2018
223000501,2,2,267.25,2,2,8/11/2017,N,Y,28,0,0,24,0,0,0,0,0,NULL,NULL
218463078,1,1,8.57,0,0,6/3/2016,N,Y,26,7,5,24,7,5,0,0,0,6/23/2018,6/24/2018
224201076,1,1,47.4,1,1,12/6/2017,N,Y,28,26,0,26,24,0,0,0,0,6/28/2018,NULL
143385413,12,4,548.9,4,2,10/24/2001,N,Y,28,27,0,27,26,0,0,0,0,6/29/2018,NULL
220744175,5,3,536.89,3,2,12/23/2016,N,Y,30,3,0,27,3,0,0,0,0,6/6/2018,NULL
224902661,2,1,211.45,1,1,1/27/2018,N,N,29,0,0,27,0,0,0,0,0,NULL,NULL
224025942,17,3,823.98,3,2,11/23/2017,N,Y,38,4,1,28,1,0,0,0,0,6/14/2018,5/28/2018
143009467,109,1,2814.78,1,1,11/12/2001,N,Y,31,11,0,29,11,0,0,0,0,6/29/2018,NULL
217483424,27,4,1227.35,4,1,3/13/2016,Y,Y,35,2,0,32,1,0,0,0,0,5/29/2018,NULL
216357328,16,2,796.64,2,2,12/29/2015,N,Y,35,31,0,33,29,0,0,0,0,7/1/2018,NULL
120783529,0,0,NULL,0,0,11/20/2000,N,Y,39,0,0,34,0,0,0,0,0,NULL,NULL
212273675,88,2,2934.8,2,1,2/26/2015,N,Y,51,0,0,49,0,0,0,0,0,NULL,NULL
204819363,6,1,1063,1,1,10/23/2013,Y,Y,1,1,0,0,0,0,0,0,0,7/1/2018,NULL
217463984,0,0,NULL,0,0,3/12/2016,N,N,1,1,1,0,0,0,0,0,0,6/2/2018,6/3/2018
